Rank,Title,Series,Number in series,Author,Score,Votes,Avg rating,Number of ratings
1,The Handmaid's Tale,,,Margaret Atwood,30733,314, 4.09,1103055
2,The Hunger Games ,The Hunger Games ,1,Suzanne Collins,28553,292, 4.33,5742381
3,Frankenstein,,,Mary Wollstonecraft Shelley,21909,224, 3.78,1023619
4,A Wrinkle in Time ,Time Quintet ,1,Madeleine L'Engle,18720,196, 4.01,903708
5,The Left Hand of Darkness ,Hainish Cycle ,,Ursula K. Le Guin,17920,184, 4.06,98822
6,Divergent ,Divergent ,1,Veronica Roth,13326,138, 4.21,2603197
7,Catching Fire ,The Hunger Games ,2,Suzanne Collins,12749,133, 4.29,2200976
8,The Giver ,The Giver ,1,Lois Lowry,12399,129, 4.12,1535391
9,Kindred,,,Octavia E. Butler,11070,116, 4.23,72373
10,The Dispossessed ,Hainish Cycle ,,Ursula K. Le Guin,10731,112, 4.21,71658
11,Oryx and Crake ,MaddAddam ,1,Margaret Atwood,10117,107, 4.01,197835
12,Mockingjay ,The Hunger Games ,3,Suzanne Collins,9807,104, 4.03,2072231
13,The Time Traveler's Wife,,,Audrey Niffenegger,9193,98, 3.96,1446878
14,Doomsday Book ,Oxford Time Travel ,1,Connie Willis,8935,96, 4.03,43257
15,The Lathe of Heaven,,,Ursula K. Le Guin,7775,84, 4.11,44005
16,Ancillary Justice ,Imperial Radch ,,Ann Leckie,7336,81, 3.98,66225
17,Shards of Honour  ,Vorkosigan Saga ,1,Lois McMaster Bujold,7017,75, 4.11,25887
18,To Say Nothing of the Dog ,Oxford Time Travel ,2,Connie Willis,6890,74, 4.13,29648
19,The Sparrow ,The Sparrow ,1,Mary Doria Russell,6873,72, 4.17,52761
20,Dragonflight ,Dragonriders of Pern ,1,Anne McCaffrey,6802,74, 4.10,116167
21,Parable of the Sower ,Earthseed ,1,Octavia E. Butler,6653,71, 4.16,42267
22,The Warrior's Apprentice ,Vorkosigan Saga ,2,Lois McMaster Bujold,6087,65, 4.29,20959
23,Barrayar ,Vorkosigan Saga ,7,Lois McMaster Bujold,5623,60, 4.31,22112
24,The Host ,The Host ,1,Stephenie Meyer,5274,56, 3.84,829055
25,Insurgent ,Divergent ,2,Veronica Roth,4899,54, 4.05,1045924
26,Memory ,Vorkosigan Saga ,10,Lois McMaster Bujold,4682,51, 4.45,13950
27,The Children of Men,,,P.D. James,4484,49, 3.68,36108
28,Starshine: Aurora Rising Book One ,Aurora Rhapsody ,1,G.S. Jennsen,4394,45, 3.91,2147
29,The Year of the Flood  ,MaddAddam ,2,Margaret Atwood,4343,47, 4.06,92243
30,Crystal Singer ,Crystal Singer ,1,Anne McCaffrey,4235,47, 4.09,17775
31,Mirror Dance ,Vorkosigan Saga ,8,Lois McMaster Bujold,4120,47, 4.33,17331
32,Lilith's Brood ,,1-3,Octavia E. Butler,4108,47, 4.33,12573
33,The Vor Game ,Vorkosigan Saga ,6,Lois McMaster Bujold,3895,46, 4.28,18977
34,Wild Seed ,Patternmaster ,1,Octavia E. Butler,3842,43, 4.21,14438
35,A Wind in the Door ,Time Quintet ,2,Madeleine L'Engle,3700,42, 4.04,106044
36,A Civil Campaign ,Vorkosigan Saga ,12,Lois McMaster Bujold,3683,43, 4.43,14496
37,Brothers in Arms ,Vorkosigan Saga ,5,Lois McMaster Bujold,3653,43, 4.21,13277
38,Cetaganda ,Vorkosigan Saga ,9,Lois McMaster Bujold,3618,43, 4.17,14831
39,The Snow Queen ,The Snow Queen Cycle ,1,Joan D. Vinge,3535,43, 3.95,11144
40,Cinder ,The Lunar Chronicles ,1,Marissa Meyer,3440,38, 4.15,582936
41,Downbelow Station ,The Company Wars ,1,C.J. Cherryh,3381,40, 3.91,12110
42,The Ship Who Sang ,Brainship ,1,Anne McCaffrey,3361,39, 4.01,21161
43,Dragon Dawn ,Dinosaurian Time Travel ,1,Deborah O'Neill Cordes,3340,34, 3.81,194
44,Dragonsong ,Harper Hall ,1,Anne McCaffrey,3092,36, 4.25,43820
45,Falling Free ,Vorkosigan Saga ,4,Lois McMaster Bujold,3054,37, 3.83,16015
46,Ethan of Athos ,Vorkosigan Saga ,3,Lois McMaster Bujold,2904,36, 3.76,11391
47,A Swiftly Tilting Planet ,Time Quintet ,3,Madeleine L'Engle,2831,32, 4.11,95090
48,Dawn ,Xenogenesis ,1,Octavia E. Butler,2755,32, 4.12,22785
49,Komarr ,Vorkosigan Saga ,11,Lois McMaster Bujold,2579,31, 4.30,12913
50,Foreigner ,Foreigner ,1,C.J. Cherryh,2547,30, 3.94,7158
51,Where Late the Sweet Birds Sang,,,Kate Wilhelm,2535,30, 3.87,8284
52,Beggars in Spain ,Sleepless ,1,Nancy Kress,2526,30, 3.94,6813
53,Her Smoke Rose Up Forever,,,James Tiptree Jr.,2524,29, 4.21,3311
54,The Silver Metal Lover ,Silver Metal Lover ,1,Tanith Lee,2504,29, 4.03,3384
55,Cordelia's Honor ,Vorkosigan Omnibus ,1,Lois McMaster Bujold,2498,31, 4.37,11641
56,The Pride of Chanur ,Chanur ,,C.J. Cherryh,2469,31, 3.92,5913
57,Station Eleven,,,Emily St. John Mandel,2450,28, 4.03,253872
58,Cyteen ,,1-3,C.J. Cherryh,2316,30,really liked it 4.00,9285
59,Borders of Infinity ,,,Lois McMaster Bujold,2306,29, 4.24,8713
60,Grass ,Arbai ,1,Sheri S. Tepper,2203,27, 4.04,9267
61,Chameleon ,The Domino Project ,1,K.T. Hanna,2199,22, 4.18,191
62,The Gate to Women's Country,,,Sheri S. Tepper,2191,27, 4.05,11542
63,The Female Man,,,Joanna Russ,2128,26, 3.54,5351
64,In the Garden of Iden ,The Company ,1,Kage Baker,2038,26, 3.77,4995
65,Rogue Genesis ,Shimmer in the Dark ,1,Ceri London,2013,21, 4.44,133
66,Parable of the Talents ,Earthseed ,2,Octavia E. Butler,2006,25, 4.24,17408
67,The Faded Sun Trilogy ,,,C.J. Cherryh,1931,23, 4.12,4628
68,Diplomatic Immunity ,Vorkosigan Saga ,13,Lois McMaster Bujold,1914,26, 4.18,12109
69,His Majesty's Dragon ,Temeraire ,1,Naomi Novik,1849,22, 4.06,67100
70,The Speed of Dark,,,Elizabeth Moon,1819,24,really liked it 4.00,9438
71,Darkover Landfall,,,Marion Zimmer Bradley,1748,21, 3.88,5952
72,Machinations ,Machinations ,1,Hayley Stone,1698,17, 3.79,248
73,Vertigo ,Aurora Rhapsody ,2,G.S. Jennsen,1684,18, 4.22,1042
74,CryoBurn ,Vorkosigan Saga ,14,Lois McMaster Bujold,1683,24, 4.06,11943
75,Seed to Harvest ,,1-4,Octavia E. Butler,1659,20, 4.33,3946
76,The Wind's Twelve Quarters,,,Ursula K. Le Guin,1572,19, 4.04,4042
77,Remnant Population,,,Elizabeth Moon,1547,20, 4.06,3628
78,The Word for World is Forest,,,Ursula K. Le Guin,1510,20, 3.95,12909
79,Grimspace ,Sirantha Jax ,1,Ann Aguirre,1497,17, 3.73,12663
80,Ammonite,,,Nicola Griffith,1477,20, 3.86,3716
81,Across the Universe ,Across the Universe ,1,Beth Revis,1435,16, 3.77,107423
82,Inheritor ,Foreigner ,3,C.J. Cherryh,1392,18, 4.19,3610
83,The V Girl,,,Mya Robarts,1380,15, 4.02,7843
84,Delirium ,Delirium ,1,Lauren Oliver,1366,15, 3.98,392313
85,Dreamsnake,,,Vonda N. McIntyre,1324,18, 3.86,8407
86,Women of Wonder: Science-Fiction Stories by Women about Women,,,Pamela Sargent,1297,16,really liked it 4.00,272
87,All Systems Red ,The Murderbot Diaries ,1,Martha Wells,1296,14, 4.15,35121
88,Trading in Danger ,Vatta's War ,1,Elizabeth Moon,1286,16, 3.98,11164
89,Invader ,Foreigner ,2,C.J. Cherryh,1276,17, 4.17,4058
89,Woman on the Edge of Time,,,Marge Piercy,1276,15, 3.95,12600
91,China Mountain Zhang,,,Maureen F. McHugh,1253,18, 3.94,3453
92,Stardoc ,Stardoc ,1,S.L. Viehl,1230,16, 3.80,3632
93,MaddAddam ,MaddAddam ,3,Margaret Atwood,1212,13,really liked it 4.00,52206
94,Valor's Choice ,Confederation ,1,Tanya Huff,1165,16, 3.98,6900
95,Bellwether,,,Connie Willis,1142,13, 3.93,10069
96,This Alien Shore,,,C.S. Friedman,1130,15, 4.04,3262
97,Primary Inversion ,Saga of the Skolian Empire ,1,Catherine Asaro,1119,15, 3.74,3686
98,Scarlet ,The Lunar Chronicles ,2,Marissa Meyer,1115,12, 4.29,265354
99,Probability Moon ,Probability ,1,Nancy Kress,1107,15, 3.61,1292
100,The House of the Scorpion ,Matteo Alacran ,1,Nancy Farmer,1083,12, 4.10,72379
101,Merchanter's Luck ,The Company Wars ,2,C.J. Cherryh,1072,17, 4.04,2248
102,Gathering Blue,,,Lois Lowry,1061,13, 3.81,144221
103,Imago ,Xenogenesis ,3,Octavia E. Butler,1055,12, 4.19,9701
104,Slow River,,,Nicola Griffith,1034,14, 3.85,3452
105,Cress ,The Lunar Chronicles ,3,Marissa Meyer,1031,11, 4.45,233181
106,Explorer ,Foreigner ,6,C.J. Cherryh,1021,14, 4.29,2814
107,Among Others,,,Jo Walton,1015,13, 3.69,20262
108,Rimrunners ,The Company Wars ,3,C.J. Cherryh,1001,15, 3.88,1730
109,Ancillary Sword ,Imperial Radch ,,Ann Leckie,983,12, 4.05,34448
110,A Seacat's Love,,,Jessica Kong,982,11, 4.58,48
111,Adulthood Rites ,Xenogenesis ,2,Octavia E. Butler,962,11, 4.16,10690
112,Bloodchild and Other Stories,,,Octavia E. Butler,952,12, 4.31,10941
113,Precursor ,Foreigner ,4,C.J. Cherryh,951,13, 4.22,3081
114,Beauty,,,Sheri S. Tepper,939,11, 3.82,5211
115,The Mountains of Mourning,,,Lois McMaster Bujold,938,12, 4.27,6245
116,Fledgling,,,Octavia E. Butler,920,12, 3.87,16782
117,Conditioned Response ,Phoenician ,,Marjorie F. Baldwin,901,10, 3.76,51
118,"The Long Way to a Small, Angry Planet ",Wayfarers ,1,Becky Chambers,892,10, 4.17,51082
119,Matched ,Matched ,1,Ally Condie,889,10, 3.67,598000
120,Hunting Party ,The Serrano Legacy ,1,Elizabeth Moon,884,13, 3.87,5206
121,The Fifth Season ,The Broken Earth ,1,N.K. Jemisin,881,10, 4.32,86796
122,Forty Thousand in Gehenna ,Unionside ,1,C.J. Cherryh,867,14, 3.77,1795
123,Rocannon's World,,,Ursula K. Le Guin,859,12, 3.72,9675
124,Children of God ,The Sparrow ,2,Mary Doria Russell,858,9, 4.06,16059
125,A Door Into Ocean,,,Joan Slonczewski,854,11, 3.97,1930
126,When She Woke,,,Hillary Jordan,851,10, 3.67,24409
127,Games of Command,,,Linnea Sinclair,849,10,really liked it 4.00,2756
128,Messenger,,,Lois Lowry,838,11, 3.91,101410
129,A Thousand Words for Stranger ,Trade Pact Universe ,1,Julie E. Czerneda,837,11, 3.89,2587
130,The Family Tree,,,Sheri S. Tepper,831,10,really liked it 4.00,2775
131,Captain Vorpatril's Alliance ,Vorkosigan Saga ,15,Lois McMaster Bujold,829,11, 4.20,11916
132,Boneshaker ,The Clockwork Century ,1,Cherie Priest,819,12, 3.50,29739
133,Defender ,Foreigner ,5,C.J. Cherryh,812,11, 4.19,2596
134,Stuck,,,Lissette E. Manning,798,8, 3.59,46
135,Deliverer ,Foreigner ,9,C.J. Cherryh,797,10, 4.24,2119
136,Ancillary Mercy ,Imperial Radch ,,Ann Leckie,796,9, 4.21,26795
137,Pretender ,Foreigner ,8,C.J. Cherryh,788,11, 4.24,2280
138,Always Coming Home,,,Ursula K. Le Guin,787,10, 3.99,2566
139,Sky Coyote ,The Company ,2,Kage Baker,775,9, 3.82,2261
140,Passage,,,Connie Willis,774,9, 3.69,7885
141,Destroyer ,Foreigner ,7,C.J. Cherryh,772,11, 4.20,2355
142,Engaging the Enemy ,Vatta's War ,3,Elizabeth Moon,768,10, 4.06,7652
143,I Dare ,Liaden Universe ,13,Sharon Lee,767,11, 4.51,2361
144,Wanderlust ,Sirantha Jax ,2,Ann Aguirre,766,9, 3.87,5829
145,Conspirator ,Foreigner ,10,C.J. Cherryh,750,11, 4.24,1796
146,Allegiant ,Divergent ,3,Veronica Roth,749,9, 3.63,742848
147,Chanur's Venture ,Chanur ,,C.J. Cherryh,737,11, 4.04,2681
148,"The Ear, the Eye, and the Arm",,,Nancy Farmer,736,8, 3.86,14984
149,Command Decision ,Vatta's War ,4,Elizabeth Moon,731,9, 4.09,8065
150,Dragonflight / Dragonquest ,,1-2,Anne McCaffrey,724,12, 4.46,10600
151,The Stone Gods,,,Jeanette Winterson,720,8, 3.68,4520
152,Freedom's Landing ,Catteni ,1,Anne McCaffrey,718,8, 3.94,9600
153,In Conquest Born ,In Conquest Born ,1,C.S. Friedman,714,9, 3.89,2627
154,Dragonquest ,Pern ,2,Anne McCaffrey,700,11, 4.10,38634
155,Deceiver ,Foreigner ,11,C.J. Cherryh,698,10, 4.27,1720
156,The Rowan ,The Tower and the Hive ,1,Anne McCaffrey,697,8, 4.03,14789
157,Farthing ,Small Change ,1,Jo Walton,691,8, 3.81,4376
158,Native Tongue ,Native Tongue ,1,Suzette Haden Elgin,683,9, 4.01,2474
159,So You Want to Be a Wizard,,,Diane Duane,672,8, 3.82,24738
160,"He, She and It",,,Marge Piercy,670,7, 3.98,4907
161,Fortune's Pawn ,Paradox ,,Rachel Bach,669,8, 3.96,11423
162,Hammered ,Jenny Casey ,1,Elizabeth Bear,651,9, 3.70,1755
163,Blood Red Road ,Dust Lands ,1,Moira Young,639,7, 3.92,56547
164,Brightness Falls from the Air,,,James Tiptree Jr.,638,8, 3.75,707
165,Killashandra ,Crystal Singer ,,Anne McCaffrey,636,9, 4.02,12996
166,Dream Dancer ,,,Janet E. Morris,617,7, 3.97,187
167,God's War ,Bel Dame Apocrypha ,1,Kameron Hurley,615,7, 3.65,4226
168,Psion ,Cat ,1,Joan D. Vinge,614,10, 3.96,2071
169,Survival ,Species Imperative ,1,Julie E. Czerneda,601,8, 3.94,1910
170,Santa Olivia ,Santa Olivia ,1,Jacqueline Carey,593,7, 3.83,8006
171,A Closed and Common Orbit ,Wayfarers ,2,Becky Chambers,591,7, 4.36,23155
172,Cuckoo's Egg ,Age of Exploration ,3,C.J. Cherryh,589,8, 3.95,1562
173,Spin State ,Spin Trilogy ,1,Chris Moriarty,587,7, 3.78,2318
173,Earth Girl ,Earth Girl ,,Janet  Edwards,587,6, 3.81,4991
175,Carpe Diem ,Liaden Universe ,10,Sharon Lee,584,8, 4.35,2043
176,The Shifter Dimension ,Starbirth ,2,J.M. Johnson,581,6, 4.69,89
177,Killbox ,Sirantha Jax ,4,Ann Aguirre,576,7, 4.07,4049
178,The Saga of the Renunciates ,Darkover Omnibus ,3,Marion Zimmer Bradley,571,7, 4.09,928
179,Shadow Team GB ,Starbirth ,3,J.M. Johnson,570,6, 4.84,75
180,The Chanur Saga ,,,C.J. Cherryh,564,7, 4.22,1138
181,The White Dragon ,Pern ,3,Anne McCaffrey,562,8, 4.18,39324
182,The World Wreckers ,Darkover ,22,Marion Zimmer Bradley,559,8, 3.74,1861
183,Doubleblind ,Sirantha Jax ,3,Ann Aguirre,551,7, 3.99,4762
184,Warchild ,Warchild ,1,Karin Lowachee,544,7, 4.07,1881
184,Marque and Reprisal ,Vatta's War ,2,Elizabeth Moon,544,7, 4.08,8478
186,Slave to Sensation ,Psy-Changeling ,,Nalini Singh,543,6, 4.12,54883
187,Hammerfall ,The Gene Wars ,1,C.J. Cherryh,536,8, 3.63,1376
188,Soulless ,Parasol Protectorate ,1,Gail Carriger,535,6, 3.91,87840
189,The Forbidden Tower ,Darkover ,12,Marion Zimmer Bradley,534,7, 4.06,2890
190,Biting the Sun ,,1-2,Tanith Lee,533,7, 4.24,1783
190,Clockwork Angel ,The Infernal Devices ,1,Cassandra Clare,533,7, 4.33,590086
192,Son,,,Lois Lowry,532,7, 3.99,72449
193,Young Miles ,Vorkosigan Omnibus ,2,Lois McMaster Bujold,527,7, 4.38,5648
194,Victory Conditions ,Vatta's War ,5,Elizabeth Moon,521,7, 4.09,7176
195,The Steerswoman ,The Steerswoman ,1,Rosemary Kirstein,520,7, 3.98,1914
195,Jaran ,Jaran ,1,Kate Elliott,520,6, 3.94,2451
197,The Ones Who Walk Away from Omelas,,,Ursula K. Le Guin,516,8, 4.37,12371
198,Winterfair Gifts,,,Lois McMaster Bujold,513,9, 4.12,6405
199,The City of Ember,,,Jeanne DuPrau,509,6, 3.86,224345
200,Six Moon Dance,,,Sheri S. Tepper,504,6, 3.77,1501
201,The Quantum Rose ,Saga of the Skolian Empire ,6,Catherine Asaro,503,7, 3.58,1845
202,Human Instincts,,,Ioana Visan,500,5, 4.02,51
202,Naked in Death ,In Death ,1,J.D. Robb,500,7, 4.12,149282
202,Consider ,Holo ,1,Kristy Acevedo,500,5, 4.13,785
205,Gateway to Reality,,,Becca J. Campbell,497,5, 3.59,74
206,Regenesis ,Cyteen ,4,C.J. Cherryh,496,8,really liked it 4.00,1146
207,Four: A Divergent Story Collection ,,0.1 - 0.4,Veronica Roth,492,6, 4.07,140379
208,Song of Scarabaeus ,Scarabaeus ,1,Sara Creasy,486,6, 3.63,2726
209,The Starbirth Assignment: Shifter ,,1 part 1,J.M. Johnson,480,5, 4.15,99
209,The Obelisk Gate ,The Broken Earth ,2,N.K. Jemisin,480,5, 4.34,53087
211,Winterlong ,Winterlong ,1,Elizabeth Hand,477,6, 3.72,778
212,An Accidental Goddess,,,Linnea Sinclair,475,6, 3.96,2780
213,Mendoza in Hollywood ,The Company ,3,Kage Baker,474,6, 3.86,1908
214,Thendara House ,Darkover ,13,Marion Zimmer Bradley,472,6, 3.97,2683
215,The Disappeared ,Retrieval Artist ,1,Kristine Kathryn Rusch,471,7, 3.76,1894
216,Midnight Robber,,,Nalo Hopkinson,470,6, 3.91,2264
217,City of Pearl ,Wess'har Wars ,1,Karen Traviss,450,7, 3.87,1979
218,All Clear ,All Clear ,2,Connie Willis,441,6, 4.06,15335
219,The Stone Sky ,The Broken Earth ,3,N.K. Jemisin,440,5, 4.37,40410
220,The Shore of Women,,,Pamela Sargent,433,6, 3.83,1013
221,Conflict of Honors ,Liaden Universe ,8,Sharon Lee,428,6, 4.31,2464
221,The Last Hawk ,Saga of the Skolian Empire ,3,Catherine Asaro,428,6, 3.92,1225
223,Sapphique ,Incarceron ,2,Catherine Fisher,426,5, 3.70,20912
224,The Stars are Legion,,,Kameron Hurley,424,5, 3.66,5880
225,Worldwired ,Jenny Casey ,3,Elizabeth Bear,422,7, 3.84,857
225,Rules of Engagement ,The Serrano Legacy ,5,Elizabeth Moon,422,7, 4.02,3439
227,Walk to the End of the World ,Holdfast Chronicles ,1,Suzy McKee Charnas,421,7, 3.55,386
228,Serpent's Reach,,,C.J. Cherryh,418,7, 3.91,1205
229,Planet of Exile ,Hainish Cycle ,,Ursula K. Le Guin,417,5, 3.69,5571
230,Incarceron ,Incarceron ,1,Catherine Fisher,416,5, 3.64,54711
231,The Wall,,,Marlen Haushofer,413,5,really liked it 4.00,4958
232,"My Enemy, My Ally ",Star Trek: Rihannsu ,1,Diane Duane,412,5, 3.97,1858
233,Local Custom ,Liaden Universe ,5,Sharon Lee,411,6, 4.27,2318
234,An Alien Light,,,Nancy Kress,408,6, 3.57,314
234,Yesterday's Son ,Star Trek: The Original Series #11; The Yesterday Saga ,1,A.C. Crispin,408,5, 3.96,2319
236,Magic Bites ,Kate Daniels ,1,Ilona Andrews,407,5, 4.07,90824
237,Synners,,,Pat Cadigan,406,5, 3.72,1704
237,Endgame ,Sirantha Jax ,6,Ann Aguirre,406,5, 4.03,2654
239,Plan B ,Liaden Universe ,11,Sharon Lee,404,7, 4.40,2210
240,The Time Quartet Box Set ,,1-4,Madeleine L'Engle,402,5, 4.35,10928
241,The Graveyard Game ,The Company ,4,Kage Baker,400,6, 4.01,1652
241,Aftermath ,Sirantha Jax ,5,Ann Aguirre,400,5, 4.03,3160
241,Seeds,,,Chris Mandeville,400,4, 4.08,133
244,Dakiti ,Ziva Payvan ,1,E.J. Fisch,398,4, 3.86,154
245,Foreign Identity,,,Becca J. Campbell,396,4, 3.97,98
245,Witch World ,Witch World Series 1: Estcarp Cycle ,1,Andre Norton,396,6, 3.84,3981
245,Who Fears Death ,Who Fears Death ,1,Nnedi Okorafor,396,5, 3.96,14153
248,The Unit,,,Ninni Holmqvist,393,5, 3.72,7276
249,Miles in Love ,Vorkosigan Omnibus ,6,Lois McMaster Bujold,392,7, 4.52,3351
249,Kallocain,,,Karin Boye,392,4, 3.80,4618
249,Blackout ,All Clear ,1,Connie Willis,392,6, 3.83,19350
252,Root of the Spark,,,Michele Fogal,391,4, 4.03,38
253,The Last Hour of Gann,,,R. Lee Smith,389,4, 4.09,4531
254,Lagoon,,,Nnedi Okorafor,388,4, 3.63,4499
255,Ishmael ,Star Trek: The Original Series ,23,Barbara Hambly,385,5, 3.93,1641
256,Radiance,,,Catherynne M. Valente,384,5, 3.76,3496
256,Too Like the Lightning ,Terra Ignota ,1,Ada Palmer,384,4, 3.82,6875
258,Catch the Lightning ,Saga of the Skolian Empire ,2,Catherine Asaro,383,6, 3.78,1393
259,Scardown ,Jenny Casey ,2,Elizabeth Bear,378,5, 3.78,911
260,The Many-Colored Land ,Saga of the Pliocene Exile ,1,Julian May,376,5, 4.07,10663
260,The Starbirth Assignment: Transmutes ,,1 part 2,J.M. Johnson,376,4, 4.55,51
262,Winter ,The Lunar Chronicles ,4,Marissa Meyer,374,4, 4.48,155785
263,Wolfwalker ,Wolfwalker ,1,Tara K. Harper,373,4, 3.99,892
264,Scout's Progress ,Liaden Universe ,6,Sharon Lee,369,5, 4.40,2188
265,A Tale for the Time Being,,,Ruth Ozeki,368,4,really liked it 4.00,72950
266,The Empress of Mars,,,Kage Baker,366,5, 3.79,966
267,The Far Side of Evil,,,Sylvia Engdahl,363,4, 3.98,480
268,Clay's Ark ,Patternmaster ,3,Octavia E. Butler,362,4, 3.83,5040
269,The True Game ,,1-3,Sheri S. Tepper,357,5, 4.20,1255
269,The Merro Tree,,,Katie Waitman,357,5, 4.27,383
271,A Fisherman of the Inland Sea,,,Ursula K. Le Guin,354,4,really liked it 4.00,1945
272,War for the Oaks,,,Emma Bull,352,5, 4.02,9318
273,Alif the Unseen,,,G. Willow Wilson,350,4, 3.84,14706
274,Finders Keepers,,,Linnea Sinclair,349,5, 3.92,2933
275,The Price of the Stars ,Mageworlds ,1,Debra Doyle,348,5, 3.90,1462
276,Clean Sweep ,Innkeeper Chronicles ,1,Ilona Andrews,346,4, 4.19,28745
277,Agent of Change ,Liaden Universe ,9,Sharon Lee,345,6, 4.16,3595
278,"Worlds of Exile and Illusion: Rocannon's World, Planet of Exile, City of Illusions ",,1-3,Ursula K. Le Guin,344,4, 4.21,2071
279,Bone Dance,,,Emma Bull,343,5, 3.85,1535
280,Heris Serrano ,,1-3,Elizabeth Moon,342,4, 4.16,2873
281,Crossed ,Matched ,2,Ally Condie,341,4, 3.52,195741
282,Beloved,,,Toni Morrison,339,4, 3.81,279776
283,Free Four: Tobias Tells the Divergent Knife-Throwing Scene ,,1.5,Veronica Roth,338,4, 4.17,90230
284,Reached ,Matched ,3,Ally Condie,337,4, 3.56,129599
284,The 100 ,The 100 ,1,Kass Morgan,337,4, 3.57,42953
286,Brain Plague,,,Joan Slonczewski,330,5, 4.14,404
286,Lincoln's Dreams,,,Connie Willis,330,4, 3.52,3813
288,The Madness Season,,,C.S. Friedman,327,4, 4.05,2581
289,Cruiser Dreams ,Kerrion Empire ,2,Janet E. Morris,326,4, 4.01,119
290,The Wounded Sky,,,Diane Duane,323,4, 3.78,1695
291,The Down Home Zombie Blues,,,Linnea Sinclair,322,5, 3.63,1187
291,City of Illusions,,,Ursula K. Le Guin,322,5, 3.85,4760
291,Binti ,Binti ,1,Nnedi Okorafor,322,4, 3.96,32505
294,The Time Traders ,Time Traders/ Ross Murdock ,1,Andre Norton,321,5, 3.75,4141
295,Ring of Swords,,,Eleanor Arnason,320,4, 3.90,290
295,Solitaire,,,Kelley Eskridge,320,4, 3.98,1114
295,Two to Conquer ,Darkover ,7,Marion Zimmer Bradley,320,5, 3.71,2379
298,Enclave ,Razorland ,1,Ann Aguirre,318,4, 3.92,62433
298,Vast ,The Nanotech Succession ,3,Linda Nagata,318,4, 3.90,404
300,Time for Yesterday ,Star Trek: The Original Series ,,A.C. Crispin,316,4, 4.04,1543
301,The Bees,,,Laline Paull,315,4, 3.69,27665
302,Uncharted Territory,,,Connie Willis,310,5, 3.50,1315
303,"Women of Wonder, the Contemporary Years: Science Fiction by Women from the 1970s to the 1990s",,,Pamela Sargent,306,4, 4.12,159
304,Wave Without a Shore,,,C.J. Cherryh,304,4, 3.70,562
305,Kiss of Midnight ,Midnight Breed  ,,Lara Adrian,302,4, 3.93,56763
306,Clutch ,I Am Just Junco ,1,J.A. Huss,300,3, 3.67,890
306,The Prophecy of Arcadia ,Arcadian Wars ,1,M.H. Soars,300,3, 3.83,144
306,The Founder's Curse ,New Zigon ,,Danelle O'Donnell,300,3, 4.17,18
306,The Time Tourists,,,Sharleen Nelson,300,3, 4.92,13
306,Sleeping Together ,Perfect Drug ,,Kitty Cook,300,3, 4.48,66
311,A World Divided ,Darkover Omnibus ,5,Marion Zimmer Bradley,299,4, 4.02,486
311,A Gift Upon the Shore,,,M.K. Wren,299,4, 3.88,1247
311,Fool's War,,,Sarah Zettel,299,4, 3.88,499
314,...And the Stars Will Sing,,,Michelle Browne,298,3, 3.61,100
314,Bloodline ,Forgotten Origins Trilogy ,,Tara Ellis,298,3, 4.02,340
316,Betrayer ,Foreigner ,,C.J. Cherryh,297,4, 4.28,1719
316,Fledge ,I Am Just Junco ,2,J.A. Huss,297,3, 4.08,493
316,Heritage ,Forgotten Origins Trilogy ,,Tara Ellis,297,3, 4.39,82
319,The Outskirter's Secret ,The Steerswoman ,2,Rosemary Kirstein,296,5, 4.31,1097
319,"Forgotten Origins Trilogy - Box Set: Infected, Heritage, Descent",,,Tara Ellis,296,3, 4.45,42
321,Nexus ,Ziva Payvan ,2,E.J. Fisch,295,3, 4.20,60
322,Flight ,I Am Just Junco ,3,J.A. Huss,294,3, 4.11,399
323,Powers That Be ,Petaybee ,1,Anne McCaffrey,293,4, 3.87,5781
323,We Are All Completely Beside Ourselves,,,Karen Joy Fowler,293,4, 3.72,91620
325,The Margarets,,,Sheri S. Tepper,290,4, 3.87,1533
325,Clockwork Prince ,The Infernal Devices ,2,Cassandra Clare,290,3, 4.45,395156
327,Nautilus,,,Vonda N. McIntyre,289,4, 3.77,181
327,Six Wakes,,,Mur Lafferty,289,3, 3.84,9147
329,Schism ,Saga of the Skolian Empire #10; The Triad ,1,Catherine Asaro,287,4, 3.81,691
330,The Selection ,The Selection ,1,Kiera Cass,286,3, 4.14,726253
331,The Sons of Heaven ,The Company ,8,Kage Baker,284,4, 3.88,1176
331,The End of Mr. Y,,,Scarlett Thomas,284,4, 3.79,14274
333,"Bitch Planet, Vol. 1: Extraordinary Machine",,,Kelly Sue DeConnick,282,3, 4.05,20124
334,The Golden Nineties,,,Lisa Mason,281,3, 3.89,61
335,Dust ,Jacob's Ladder ,1,Elizabeth Bear,280,4, 3.65,1870
335,Chanur's Homecoming ,Chanur ,,C.J. Cherryh,280,5, 4.15,2709
335,Phantom,,,Susan  Kay,280,3, 4.33,10837
338,Among the Hidden ,Shadow Children ,1,Margaret Peterson Haddix,279,4, 3.98,105569
338,The Outback Stars ,The Outback Stars ,,Sandra McDonald,279,4, 3.43,918
340,Carnival,,,Elizabeth Bear,278,4, 3.59,784
340,Infomocracy ,The Centenal Cycle ,1,Malka Ann Older,278,3, 3.54,3882
342,City of Sorcery ,Darkover ,14,Marion Zimmer Bradley,276,4, 3.77,1785
342,Ascension ,Tangled Axon ,1,Jacqueline Koyanagi,276,3, 3.57,1247
342,Genie-Alogy,,,H.B.  Morris,276,3, 4.85,53
345,Rider at the Gate ,Finisterre ,,C.J. Cherryh,275,4, 3.87,957
345,Reckless Rescue ,Barren Planet ,1,Rinelle Grey,275,3, 3.53,718
347,Trouble and Her Friends,,,Melissa Scott,274,3, 3.81,1206
347,The Coldest Girl in Coldtown,,,Holly Black,274,3, 3.85,49084
349,The First Fifteen Lives of Harry August,,,Claire North,273,3, 4.04,53532
350,The Vanishing Girl ,The Vanishing Girl ,1,Laura Thalassa,270,3, 3.89,4202
351,The Fresco,,,Sheri S. Tepper,269,3, 3.93,1838
351,Diving into the Wreck ,Diving Universe ,1,Kristine Kathryn Rusch,269,5, 3.53,1400
353,"Women of Wonder, the Classic Years: Science Fiction by Women from the 1940s to the 1970s",,,Pamela Sargent,267,4, 4.19,193
353,Inside Out ,Insider ,1,Maria V. Snyder,267,3, 3.82,23228
355,The Best of All Possible Worlds,,,Karen Lord,266,3, 3.59,3871
356,Time of the Twins ,Dragonlance: Legends ,1,Margaret Weis,265,3, 4.15,30465
357,Sarah Canary,,,Karen Joy Fowler,264,3, 3.45,1320
358,The Children of the Company ,The Company ,6,Kage Baker,262,4, 3.85,1274
358,Children of Scarabaeus ,Scarabaeus ,2,Sara Creasy,262,3, 3.78,1136
360,Perdition ,Dred Chronicles ,1,Ann Aguirre,259,4, 3.89,3613
361,Turnabout,,,Margaret Peterson Haddix,257,3, 3.73,6548
361,Queen City Jazz ,Nanotech ,1,Kathleen Ann Goonan,257,3, 3.46,668
363,Partners In Necessity ,,8-10,Sharon Lee,256,4, 4.47,1009
363,Extremes ,Retrieval Artist ,2,Kristine Kathryn Rusch,256,4, 3.96,949
365,"Sabella, or, The Bloodstone",,,Tanith Lee,255,3, 3.90,496
365,Redemption in Indigo,,,Karen Lord,255,3, 3.85,1976
367,The Collected Short Fiction of C.J. Cherryh,,,C.J. Cherryh,253,4, 3.97,326
367,The Bohr Maker ,The Nanotech Succession ,1,Linda Nagata,253,3, 3.88,882
369,Gabriel's Ghost ,Dock Five Universe ,1,Linnea Sinclair,251,5, 3.63,3502
370,The Silver Ship and the Sea ,The Silver Ship ,1,Brenda Cooper,250,3, 3.63,330
370,The Declaration ,The Declaration ,1,Gemma Malley,250,3, 3.71,20418
372,Contact,,,Susan Grant,248,4, 3.70,1047
373,Halfway Human,,,Carolyn Ives Gilman,247,3,really liked it 4.00,570
373,Life,,,Gwyneth Jones,247,3, 3.47,172
373,Shades of Dark ,Dock Five Universe ,2,Linnea Sinclair,247,4, 3.86,1288
373,New Amsterdam ,New Amsterdam ,1,Elizabeth Bear,247,4, 3.55,1648
377,The Life of the World to Come ,The Company ,5,Kage Baker,246,4, 3.94,1484
377,A Woman of the Iron People,,,Eleanor Arnason,246,4, 3.82,448
379,Dark Orbit,,,Carolyn Ives Gilman,243,3, 3.67,1877
380,La Métamorphose,,,Franz Kafka,242,3, 3.80,525874
381,My Real Children,,,Jo Walton,241,3, 3.77,5186
382,White Queen ,White Queen ,1,Gwyneth Jones,240,3, 3.37,193
382,The Romulan Way ,Star Trek: Rihannsu ,2,Diane Duane,240,3, 3.93,1347
382,Sporting Chance ,The Serrano Legacy ,2,Elizabeth Moon,240,4, 3.97,3777
385,Demons,,,J.M. Dillard,239,3, 3.56,981
386,Day 21 ,The 100 ,2,Kass Morgan,238,3, 3.75,20324
387,Double Identity,,,Margaret Peterson Haddix,237,3, 4.02,14726
388,Once a Hero ,The Serrano Legacy ,4,Elizabeth Moon,236,4, 4.06,4829
389,The Forbidden Circle ,Darkover Omnibus ,4,Marion Zimmer Bradley,234,3, 4.08,1131
389,The Legend of Banzai Maguire ,2176 Series ,1,Susan Grant,234,4, 3.59,628
391,Change of Command ,The Serrano Legacy ,6,Elizabeth Moon,228,3, 3.99,3137
392,Heritage and Exile ,Darkover Omnibus ,1,Marion Zimmer Bradley,227,3, 4.08,839
392,Alternate Realities,,,C.J. Cherryh,227,3, 3.82,283
394,The Mount,,,Carol Emshwiller,225,3, 3.69,1316
394,Magic Breaks ,Kate Daniels ,7,Ilona Andrews,225,3, 4.52,35139
394,The Dragon Variation ,,"5-6,8",Sharon Lee,225,3, 4.43,623
397,Mindshadow ,Star Trek: The Original Series ,,J.M. Dillard,222,3, 3.53,748
397,Sultana's Dream: And Selections from The Secluded Ones,,,Rokeya Sakhawat Hossain,222,3, 3.88,203
399,The Adoration of Jenna Fox ,Jenna Fox Chronicles ,1,Mary E. Pearson,221,3, 3.69,44520
400,The Best of Leigh Brackett,,,Leigh Brackett,220,4, 4.03,191
401,The Heat Death of the Universe and Other Stories,,,Pamela Zoline,219,3, 3.89,107
402,Memory of Water,,,Emmi Itäranta,217,3, 3.71,4683
403,Tripoint ,The Company Wars ,6,C.J. Cherryh,215,4, 3.91,1149
403,Bloodthirst,,,J.M. Dillard,215,3, 3.56,654
403,The Shadow Speaker,,,Nnedi Okorafor,215,3, 3.97,1034
403,Magic Strikes ,Kate Daniels ,3,Ilona Andrews,215,3, 4.44,65282
407,The Alton Gift ,Darkover ,27,Marion Zimmer Bradley,214,3, 3.96,1456
408,Brown Girl in the Ring,,,Nalo Hopkinson,213,3, 3.85,3902
409,A Confederation of Valor ,,1-2,Tanya Huff,212,5, 4.18,1430
409,Salvation City,,,Sigrid Nunez,212,3, 2.99,671
411,Finity's End ,The Company Wars ,7,C.J. Cherryh,211,4, 4.07,1232
411,The Final Key ,Saga of the Skolian Empire #11; The Triad ,2,Catherine Asaro,211,3, 3.93,621
413,Not Less Than Gods,,,Kage Baker,210,3, 3.61,465
413,Changing Planes,,,Ursula K. Le Guin,210,3, 3.81,3933
413,The Heritage of Hastur ,Darkover ,18,Marion Zimmer Bradley,210,3, 4.03,3012
416,Pure ,Pure ,1,Julianna Baggott,208,3, 3.74,22619
417,Born of the Night ,The League ,1,Sherrilyn Kenyon,206,3, 4.19,24019
418,The Guild of Xenolinguists,,,Sheila Finch,201,3, 3.48,83
418,Moonstruck ,Borderlands ,1,Susan Grant,201,4, 3.75,1213
420,Broken ,Extrahumans ,1,Susan Jane Bigelow,200,2, 3.49,404
420,Freewill ,Freewill ,1,Elyse Draper,200,2, 3.96,48
420,Reboot,,,Pippa Jay,200,2, 4.47,15
420,Cavalcade,,,Alison Sinclair,200,2, 3.69,59
420,Stronger,,,Lani Woodland,200,2, 4.41,29
420,An Airship Named Desire ,Take to the Skies ,1,Katherine McIntyre,200,2, 3.73,86
420,Frontier Resistance,,,Leonie Rogers,200,2, 4.24,124
420,Ultraxenopia ,Project W.A.R. ,,M.A. Phipps,200,2, 4.13,285
420,Emergence ,Project Emergence ,1,Jamie Zakian,200,2, 3.29,17
420,Blachart,,,Christina Engela,200,2, 4.08,13
420,No Ordinary Star ,No Ordinary Star ,1,M.C. Frank,200,2, 3.98,281
420,Republic's Chosen ,After The World Ends ,1,Rori I.,200,2, 4.06,31
420,Search Image ,Web Shifter's Library ,,Julie E. Czerneda,200,2, 4.11,64
420,Insatiable Machine,,,Zoe Robertson,200,2, 4.24,17
420,Astraeus,,,Haley Cavanagh,200,2, 4.23,52
420,UNJU - The Jump,,,Gleneley Stander,200,2,it was amazing 5.00,3
436,The Stolen: Two Short Stories,,,Michelle Browne,199,2, 4.04,78
436,Broken Time,,,Emily Devenport,199,2, 3.73,98
438,The Crooked God Machine,,,Autumn Christian,198,2, 3.86,215
438,Frontier Incursion,,,Leonie Rogers,198,2, 4.27,191
440,Double Life ,Razia ,1,S. Usher Evans,197,2, 3.97,158
440,Magic Bleeds ,Kate Daniels ,4,Ilona Andrews,197,3, 4.46,64290
440,Semiosis ,Semiosis Duology ,1,Sue Burke,197,2, 3.94,4344
443,Hero's End ,The Black Wing Chronicles ,2,J.C. Cassels,196,2, 4.17,46
443,Binary ,®Evolution ,2,Stephanie Saulter,196,2, 4.14,114
445,Shelter,,,Susan Palwick,195,3, 3.88,293
445,Tales From The SFR Brigade,,,J.C. Cassels,195,2, 3.67,326
445,A Few Good Men ,Darkship ,3,Sarah A. Hoyt,195,2, 3.73,218
448,Star Attraction,,,Misa Buckley,194,2, 4.50,4
448,Gunmetal Magic ,,5.5,Ilona Andrews,194,3, 4.28,28957
448,Angelfall ,Penryn & the End of Days ,1,Susan Ee,194,2, 4.17,147820
451,Stealer of Souls ,Immortal ,3,Valjeanne Jeffers,193,2, 4.71,28
451,Thinner Than Thou,,,Kit Reed,193,2, 3.17,370
451,Transcendence: Aurora Rising Book Three ,Aurora Rhapsody ,3,G.S. Jennsen,193,2, 4.32,877
451,Time Shifters,,,Shanna Lauffey,193,2, 3.89,44
455,Groundties,,,Jane S. Fancher,192,3, 3.64,96
455,Heat,,,R. Lee Smith,192,2, 3.81,1845
455,Hunted ,Sinners ,2,Abi Ketner,192,2, 4.13,1093
458,Spin Control ,Spin Trilogy ,2,Chris Moriarty,191,3, 3.78,974
458,Perseus Spur ,Rampart Worlds ,,Julian May,191,2, 3.65,631
458,Gethyon,,,Pippa Jay,191,2, 4.62,24
458,"Lightspeed Magazine, June 2014: Women Destroy Science Fiction! Special Issue",,,Christie Yant,191,3, 4.12,598
462,The Kif Strike Back ,Chanur ,3,C.J. Cherryh,190,5, 4.09,2238
462,The Power,,,Naomi Alderman,190,2, 3.85,105880
464,Towers of Darkover ,,,Marion Zimmer Bradley,189,3, 3.91,834
464,Chanur's Legacy ,Chanur ,,C.J. Cherryh,189,4, 4.09,1960
464,Carve the Mark ,Carve the Mark ,1,Veronica Roth,189,2, 3.77,47813
467,Tin Cat,,,Misa Buckley,188,2, 4.15,26
467,Crescent City Rhapsody ,Nanotech ,3,Kathleen Ann Goonan,188,2, 3.66,246
467,Her Cyborg Awakes ,Diaspora Worlds ,1,Melisse Aires,188,2, 3.41,505
467,The House on the Strand,,,Daphne du Maurier,188,2, 3.85,8416
467,Ronan ,Ziva Payvan ,3,E.J. Fisch,188,2, 4.40,45
472,Fallen Too Far ,Rosemary Beach #1; Too Far ,1,Abbi Glines,187,2, 4.19,152450
473,Alanya to Alanya,,,L. Timmel Duchamp,186,2, 3.65,97
473,Shadow Leader ,Wolfwalker ,2,Tara K. Harper,186,2, 4.09,561
473,Unknown Futures ,1Night Stand ,,Jessica E. Subject,186,2, 3.71,49
476,Shadow Team GB,,,J M Johnson,185,2,it was amazing 5.00,4
477,Glass and Amber,,,C.J. Cherryh,184,3, 3.96,27
478,Alliance Space (Company Wars #2),The Era of Rapprochement ,,C.J. Cherryh,183,3, 4.22,366
478,Pilots Choice ,,5-6,Sharon Lee,183,3, 4.52,710
478,Dragondrums ,Harper Hall ,3,Anne McCaffrey,183,3, 4.06,30614
478,Origin ,Lux ,4,Jennifer L. Armentrout,183,2, 4.41,77981
482,Red Sun of Darkover ,,,Marion Zimmer Bradley,182,3, 3.85,1101
483,Sunfall,,,C.J. Cherryh,181,3, 3.70,333
484,Remake,,,Connie Willis,180,4, 3.37,1672
484,Transformation Space ,Sentients of Orion ,4,Marianne de Pierres,180,2, 3.98,102
484,The People of Sparks,,,Jeanne DuPrau,180,2, 3.66,48013
487,Rebels and Lovers ,Dock Five Universe ,4,Linnea Sinclair,179,3, 3.93,872
487,Snows of Darkover ,,,Marion Zimmer Bradley,179,3, 3.82,692
487,Found ,The Missing ,1,Margaret Peterson Haddix,179,2, 3.98,35689
490,Replica ,Replica ,1,Jenna Black,178,2, 3.45,948
490,The Golden Sword ,Silistra ,2,Janet E. Morris,178,2, 4.26,103
492,The Good House,,,Tananarive Due,177,2, 3.92,2712
492,The Complete Ivory ,,1-3,Doris Egan,177,3, 4.18,259
492,Ratha's Creature ,The Named ,1,Clare Bell,177,2, 4.04,1935
492,The Moon's Shadow ,Saga of the Skolian Empire ,8,Catherine Asaro,177,2, 3.94,793
492,Honor's Knight ,Paradox ,,Rachel Bach,177,2, 3.98,7781
492,Heaven's Queen  ,Paradox ,,Rachel Bach,177,2, 3.95,6068
492,Anthem,,,Ayn Rand,177,2, 3.63,120829
499,Enchanted Glass,,,Diana Wynne Jones,176,2, 3.87,5165
499,Ghost in the Machine ,Corwint Central Agent Files ,1,C.E. Kilgore,176,2, 3.67,325
501,The Hounds of Skaith ,The Book of Skaith ,2,Leigh Brackett,175,2, 3.73,290
501,Pandemonium ,Delirium ,2,Lauren Oliver,175,2, 4.06,208371
501,The Planet Savers & The Sword of Aldones ,,19-20,Marion Zimmer Bradley,175,3, 3.79,683
501,Damia ,The Tower and the Hive ,2,Anne McCaffrey,175,2,really liked it 4.00,11160
505,The Machine's Child ,The Company ,7,Kage Baker,174,3, 3.87,1220
506,Sovran's Pawn,,,J.C. Cassels,173,2, 3.96,121
506,The Star Thief ,Star Thief Chronicles ,1,Jamie Grey,173,2, 3.50,1755
508,Heavy Time ,The Company Wars ,4,C.J. Cherryh,172,3, 3.79,1560
508,End of Days ,Penryn & the End of Days ,3,Susan Ee,172,2, 4.10,49109
508,A Thousand Pieces of You ,Firebird ,1,Claudia Gray,172,2, 3.92,40844
511,Razor's Edge ,Star Wars: Empire and Rebellion ,1,Martha Wells,171,3, 3.70,2210
511,Starbridge ,Starbridge ,1,A.C. Crispin,171,2, 3.85,441
513,Kalpa Imperial: The Greatest Empire That Never Was,,,Angélica Gorodischer,170,2, 3.97,757
513,The Summer Queen ,The Snow Queen Cycle ,3,Joan D. Vinge,170,3, 4.05,3018
515,Downside Girls,,,Jaine Fenn,168,2, 3.94,86
515,Starheart ,Ptorix Empire ,3,Greta van der Rol,168,2, 3.77,78
515,Ancient Light ,Orthe ,,Mary Gentle,168,2, 3.64,346
515,Golden Witchbreed ,Orthe ,,Mary Gentle,168,2, 3.73,986
519,Mirror Space ,Sentients of Orion ,3,Marianne de Pierres,167,2, 3.98,114
519,Feed ,Newsflesh Trilogy ,1,Mira Grant,167,2, 3.85,48186
521,The Two Of Them,,,Joanna Russ,166,2, 3.60,186
521,The Awakening ,Vampire Huntress ,2,L.A. Banks,166,2, 3.99,3341
521,Venus of Dreams,,,Pamela Sargent,166,2, 3.58,192
521,Outside,,,Andre Norton,166,2, 3.85,86
521,A Ring of Endless Light ,Austin Family ,4,Madeleine L'Engle,166,2, 4.15,17762
521,Jagannath,,,Karin Tidbeck,166,2, 4.07,2616
527,Herland,,,Charlotte Perkins Gilman,165,4, 3.50,12868
528,A Mere Formality,,,Ilona Andrews,164,2, 3.89,2352
528,The Hundred Thousand Kingdoms ,Inheritance Trilogy ,1,N.K. Jemisin,164,2, 3.84,42887
530,DarkShip Thieves ,Darkship ,1,Sarah A. Hoyt,163,2, 3.59,1672
530,Superluminal,,,Vonda N. McIntyre,163,3, 3.65,220
530,Ghost Planet,,,Sharon Lynn Fisher,163,3, 3.60,1539
530,The Vulcan Academy Murders,,,Jean Lorrah,163,2, 3.88,1754
534,Four Moons of Darkover ,,,Marion Zimmer Bradley,162,3, 3.84,538
535,Pangaea  Book I: Imperium Without End,,,Lisa Mason,161,2, 3.73,22
535,Keir,,,Pippa Jay,161,2, 3.70,243
535,Key Out of Time ,Time Traders / Ross Murdock ,,Andre Norton,161,2, 3.84,1206
538,Wreck of the Nebula Dream,,,Veronica  Scott,160,2, 3.96,287
539,Æstival Tide,,,Elizabeth Hand,159,2, 3.98,266
539,The House Between the Worlds,,,Marion Zimmer Bradley,159,2, 3.74,859
541,Pilgrimage: The Book of the People,,,Zenna Henderson,157,3, 4.34,1318
542,The Bones of the Sea,,,Pippa Jay,156,2, 4.29,34
543,Hexwood,,,Diana Wynne Jones,154,2, 3.99,3865
543,Brain Camp,,,Susan Kim,154,2, 3.67,3464
543,Glass Houses ,The Morganville Vampires ,1,Rachel Caine,154,2, 3.92,87647
543,Ironhaven,,,Misa Buckley,154,2, 3.70,23
543,Tinker ,Elfhome ,1,Wen Spencer,154,5, 4.07,4873
548,Many Waters ,Time Quintet ,4,Madeleine L'Engle,153,2, 3.99,40340
549,The Key ,Project Enterprise ,1,Pauline Baird Jones,152,2, 3.82,472
549,The Time Travelers ,The Gideon Trilogy ,1,Linda Buckley-Archer,152,2, 3.72,6155
551,Celestial Seduction ,1Night Stand ,17,Jessica E. Subject,151,2, 3.80,142
552,Nylon Angel ,Parrish Plessis ,1,Marianne de Pierres,150,2, 3.51,617
553,Cloud's Rider ,Finisterre ,,C.J. Cherryh,149,3, 3.93,773
553,The Telling ,Hainish Cycle ,,Ursula K. Le Guin,149,2, 3.90,5089
555,Stretto,,,L. Timmel Duchamp,148,2, 4.32,25
555,Moreta: Dragonlady of Pern ,Pern ,7,Anne McCaffrey,148,4, 3.99,24862
555,America Pacifica,,,Anna North,148,2, 3.08,962
558,Renegade,,,L. Timmel Duchamp,145,2, 3.95,38
558,An Exchange of Hostages ,Jurisdiction ,1,Susan R. Matthews,145,2, 3.88,443
558,Tangled Up in Blue ,The Snow Queen Cycle ,4,Joan D. Vinge,145,4, 3.61,558
558,Burn for Me ,Hidden Legacy ,1,Ilona Andrews,145,2, 4.34,33490
562,Testament ,Harmony of Worlds ,1,Valerie J. Freireich,144,2, 3.95,55
562,Daughters of the North,,,Sarah Hall,144,2, 3.39,3381
562,Silently and Very Fast,,,Catherynne M. Valente,144,2, 4.12,1529
562,Magic Gifts ,,5.4,Ilona Andrews,144,2, 4.35,17568
566,Unraveled ,UN-Forgettable ,2,C.J. Barry,143,2, 3.89,259
567,The Exile Waiting,,,Vonda N. McIntyre,141,3, 3.61,355
568,The Girl Who Was Plugged In/Screwtop,,,James Tiptree Jr.,140,3, 3.94,283
569,The Lost Steersman ,The Steerswoman ,3,Rosemary Kirstein,139,2, 4.25,1145
569,The Eyes of the Beholders ,Star Trek: The Next Generation ,13,A.C. Crispin,139,2, 3.49,987
571,Hestia,,,C.J. Cherryh,138,3, 3.50,402
571,Migration ,Species Imperative ,2,Julie E. Czerneda,138,2, 4.08,1229
571,Gate of Ivrel,,,C.J. Cherryh,138,4, 3.93,2207
574,The Visitor,,,Sheri S. Tepper,137,2, 3.80,1700
574,The Language of Power ,The Steerswoman ,4,Rosemary Kirstein,137,2, 4.33,1012
574,Promised ,Birthmarked ,3,Caragh M. O'Brien,137,2, 3.77,13881
574,Darkship Renegades ,Darkship ,2,Sarah A. Hoyt,137,2, 3.76,373
578,The Age of Miracles,,,Karen Thompson Walker,136,2, 3.64,78491
578,A Drunken Dream and Other Stories,,,Moto Hagio,136,2, 4.13,853
580,"Spirit: or, The Princess of Bois Dormant",,,Gwyneth Jones,135,2, 3.52,101
580,Prized ,Birthmarked ,2,Caragh M. O'Brien,135,2, 3.98,22405
582,Uplink ,Netwalkers ,2,Jane S. Fancher,134,2, 3.72,60
582,In the Light of Sigma Draconis ,A Woman of the Iron People ,1,Eleanor Arnason,134,2, 3.80,35
582,Altered ,Crewel World ,2,Gennifer Albin,134,2, 3.68,4418
585,Driven ,Northern Waste ,1,Eve Kenin,133,3, 3.64,1741
585,Birthmarked ,Birthmarked ,1,Caragh M. O'Brien,133,2, 3.89,43379
587,My Soul to Keep ,African Immortals ,1,Tananarive Due,132,2, 4.18,3968
587,Arachne,,,Lisa Mason,132,2, 3.57,77
587,The Birthgrave ,Birthgrave ,1,Tanith Lee,132,3, 3.76,1364
590,The Program ,The Program ,1,Suzanne Young,131,2, 4.06,39644
590,Crewel ,Crewel World ,1,Gennifer Albin,131,2, 3.73,17088
592,Jenna Starborn,,,Sharon Shinn,130,2, 3.30,1911
593,Mindplayers,,,Pat Cadigan,129,2, 3.76,574
593,Adventures in Time and Space with Max Merriwell,,,Pat Murphy,129,2, 3.48,170
595,Nebula's Music,,,Aubrie Dionne,127,2, 4.21,28
595,The Lancaster Rule ,Lancaster ,1,T.K. Toppin,127,2, 4.37,41
595,"After the Fall, Before the Fall, During the Fall",,,Nancy Kress,127,3, 3.47,2404
598,Fools,,,Pat Cadigan,126,2, 3.71,362
598,Wolf Who Rules ,Elfhome ,2,Wen Spencer,126,4, 4.20,2823
600,Dark Space ,Sentients of Orion ,1,Marianne de Pierres,125,2, 3.35,318
601,Brothers of Earth ,Hanan Rebellion ,,C.J. Cherryh,123,2, 3.70,506
601,Taylor's Ark ,,,Jody Lynn Nye,123,2, 3.77,151
603,Hellspark,,,Janet Kagan,122,2, 4.42,740
604,Falcon,,,Emma Bull,120,2, 3.82,478
604,Beholder's Eye ,Web Shifters ,1,Julie E. Czerneda,120,2, 3.96,1520
604,Hope's Folly ,Dock Five Universe ,3,Linnea Sinclair,120,2, 3.98,1328
607,Hunter of Worlds ,Hanan Rebellion ,,C.J. Cherryh,119,2, 3.81,568
607,Breathe ,Breathe ,1,Sarah Crossan,119,2, 3.70,16210
607,XVI ,XVI ,1,Julia Karr,119,2, 3.45,7616
610,The Anything Box,,,Zenna Henderson,118,2, 4.31,699
611,Forge of Heaven ,The Gene Wars ,2,C.J. Cherryh,117,4, 3.79,678
611,Up the Walls of the World,,,James Tiptree Jr.,117,2, 3.97,632
613,Wraeththu ,,,Storm Constantine,116,2, 3.94,2482
614,Hunters of the Red Moon,,,Marion Zimmer Bradley,115,2, 3.83,1037
615,vN ,The Machine Dynasty ,1,Madeline Ashby,113,2, 3.43,2673
615,Ten Thousand Light-Years From Home,,,James Tiptree Jr.,113,2, 3.99,522
617,The Stars Down Under ,The Outback Stars ,,Sandra McDonald,112,3, 3.41,239
618,Karen Memory ,Karen Memory ,1,Elizabeth Bear,111,2, 3.74,3920
619,The Creative Fire ,Ruby's Song ,,Brenda Cooper,109,2, 3.01,223
619,Burndive ,Warchild ,,Karin Lowachee,109,2, 3.92,799
621,Crystal Line ,Crystal Singer ,,Anne McCaffrey,107,2,really liked it 4.00,10290
622,Cagebird ,Warchild ,,Karin Lowachee,106,2, 4.01,714
623,North Wind ,White Queen ,2,Gwyneth Jones,105,2, 3.37,70
623,Principles of Angels,,,Jaine Fenn,105,2, 3.50,248
625,Caught in Amber,,,Cathy Pegau,104,2, 3.50,161
626,Blue Galaxy,,,Diane Dooley,103,2, 2.95,78
626,Made for Her,,,Jessica E. Subject,103,2, 3.65,57
628,The Mirror,,,Marlys Millhiser,102,2, 4.04,4269
629,The Ginger Star ,The Book of Skaith ,1,Leigh Brackett,100,1, 3.75,419
629,The Immortality Virus,,,Christine Amsden,100,1, 3.69,154
629,An Uncommon Whore ,An Uncommon Whore ,,Belinda McBride,100,1, 3.63,2018
629,Astra: The Harrowing,,,Lisa Eskra,100,1, 4.07,41
629,A Matter of Honor ,Knife of Truth ,1,Ruth Willerth,100,2, 4.14,21
629,The Edge of Darkness,,,Lissa Bilyk,100,1, 3.63,52
629,Dreamer's Island,,,Gretchen Hummel,100,1, 4.25,20
629,Singularity ,Sanctuary series ,,Jess Anastasi,100,1,it was amazing 5.00,
629,The Cantor Dimension,,,Sharon Delarose,100,1,really liked it 4.00,20
629,Wolf Dawn ,Forsaken Worlds ,1,Susan  Cartwright,100,1, 3.61,307
629,"Tierra del Fuego, Colony Ship; Parting Shots",,,Caron Cro,100,1, 4.16,19
629,21 Erased,,,Barbara Rayne,100,1, 3.29,42
629,The Marcella Fragment,,,Anna LaForge,100,1, 3.83,23
629,The Willow and the Stone,,,Tamara Jock,100,1, 4.75,4
629,The Priest ,Ginecean Chronicles ,1,Monica La Porta,100,1, 3.72,162
629,Sunburst,,,Phyllis Gotlieb,100,1, 3.56,62
629,Blood and Matzah,,,Christine  Brown,100,1, 3.77,13
629,Dementional,,,Tonya Cannariato,100,1, 4.11,18
629,A week in the future : Catherine Helen Spence's 1888 forecast of life in 1988,,,Catherine Helen Spence,100,1, 3.54,13
629,Dream of Time,,,Nancy J. Price,100,1, 3.86,66
629,Bounty Hunter,,,S.J. Hollis,100,1, 4.08,89
629,The Earth Girl and Queen Eliza,,,C.C. Alma,100,1, 3.89,36
629,The Neanderthal's Aunt,,,Gina DeMarco,100,1, 3.87,92
629,Legendary Detective at the World's End,,,Kaye Wagner,100,1, 3.25,195
629,Time Travels: The First Adventures,,,J.S. Blackman,100,1, 4.38,8
629,Legacy Code ,Legacy Code ,,Autumn Kalquist,100,1, 3.39,1782
629,Women's Work,,,Kari Aguila,100,1, 3.69,121
629,Fomatsu,,,Anna  Hammond,100,1, 3.80,5
629,The Third Sign,,,Michelle O'Leary,100,1, 3.91,98
629,Natural History,,,Justina Robson,100,1, 3.61,607
629,Cimmerian City ,Cimmerian ,1,Rae Lori,100,1,really liked it 4.00,24
629,Ange'el,,,Jamie Le Fay,100,1, 3.70,20
629,Dining Out Around the Solar System ,Dining Out Around The Solar System ,1,Clare O'Beara,100,1, 4.28,39
629,The Extraction List ,The Extraction List ,1,Renee N. Meland,100,1, 4.07,90
629,The Ark,,,Annabel Smith,100,1, 4.03,61
629,Genetically Altered ,Genetically Modified ,1,Tracie Molton,100,1, 3.29,14
629,Dog Aliens 1: Raffle's Name ,Dog Aliens ,,Cherise Kelley,100,1, 3.59,306
629,Falaha's Journey: A Spacegirl's Account in Three Movements,,,Jeno Marz,100,1, 4.19,16
629,Dark Prophet ,The Chronicles of Koa ,,K.N. Lee,100,1, 4.31,176
629,Lessons in Space,,,Molly Tabachnikov,100,1, 3.75,4
629,The Least of Elves ,,0.5,Robin Glassey,100,1, 4.65,34
629,The Dream Crystals of Gandara,,,Charlotte McGary,100,1, 4.50,6
629,Compile: Quest ,The Corrupted SUN Script ,1,Ronel van Tonder,100,1, 4.26,47
629,The Crossing Hour,,,Quoleena Sbrocca,100,1, 3.80,46
629,Return to Emerald City,,,Allyson Lindt,100,1,really liked it 4.00,11
629,Gemsigns ,®Evolution ,1,Stephanie Saulter,100,1, 3.80,419
629,Where the Deer Dwell,,,Dorothy Gravelle,100,1, 3.73,67
629,Hero is a Man ,Glyph Warrior ,,Nix Whittaker,100,1, 4.18,28
629,Transmutation of Noah,,,C.S. Royce,100,1, 4.67,3
629,Amber Smoke ,The Escaped ,,Kristin Cast,100,1, 3.39,1291
629,Captured By The Hunter,,,Britt DeLaney,100,1, 4.20,10
629,Time's Tempest ,The Chronicles of Xannia ,1,M.J. Moores,100,1, 4.56,25
629,The Webs of Varok ,The Archives of Varok ,,Cary Neeper,100,1,really liked it 4.00,13
629,Nothing But Your Memories,,,H.B. Clementine,100,1, 3.13,15
629,Starquest ,,,Hywela Lyn,100,1, 4.43,21
629,The Generation,,,Holly Cave,100,1, 3.69,93
629,Talismen: Birthstones,,,Elizabeth C. Robinson,100,1,it was amazing 5.00,2
629,The Battle of Castle Nebula ,The Cendrillon Cycle ,1,Stephanie Ricker,100,1, 4.08,52
629,A Far Far Better Thing ,Legends of the Goldens ,,S.B.K. Burns,100,1, 3.29,34
629,Connected: The Call,,,Michelle Medhat,100,1, 3.76,42
629,Vagabond,,,J.D. Brewer,100,1, 4.18,74
629,Crossing in Time ,Between Two Evils ,1,D.L. Orton,100,1, 4.10,449
629,Auguries of Dawn ,,,Peyton Reynolds,100,1, 4.06,109
629,The Adventures of Armstrong Dent: The Complete First Season,,,Aeyess,100,1, 4.56,25
629,The In-Betweener,,,Ann Christy,100,1, 3.91,732
629,Talwan's Vengeance,,,Christy  Newman,100,1, 4.37,19
629,Revealing the Revolution ,AIM Chronicles ,1,N.M. Sotzek,100,1, 4.25,12
629,Being Human,,,Christina Grant,100,1, 4.67,24
629,Earth ,The Invasion Trilogy ,,Jessica Frances,100,1, 3.82,105
629,Dreamland Tree,,,Cynthia Farr-Weinfeld,100,1, 4.75,4
629,Mars on the Rise ,Veetu Industries ,1,Rae Gee,100,1, 3.69,72
629,Deadly Lover,,,Charlee Allden,100,1, 3.88,94
629,The Ghost Files ,The Ghost Files ,1,Apryl Baker,100,1, 4.14,7939
629,Lahkia: Heir of Darkness,,,Suzanne Ripley,100,1, 4.38,13
629,The Vista ,The Wildblood ,1,S.A. Hoag,100,1, 4.64,14
629,Lazarus Code,,,Sharon VanOrman,100,1, 4.54,13
629,The Stars Seem so Far Away,,,Margrét Helgadóttir,100,1, 3.67,33
629,The Nyxers,,,Fémi Peters,100,1,it was amazing 5.00,
629,Waterstone,,,Priscilla Reno,100,1,really liked it 4.00,13
629,Uncommon Animals: Omnibus Edition,,,Kate   Whitaker,100,1, 4.33,6
629,The Memory Painter,,,Gwendolyn Womack,100,1, 3.84,2864
629,Above the Sky ,Above the Sky ,,Jenny Lynne,100,1, 4.23,299
629,Population ,Population ,1,Elizabeth  Stephens,100,1, 4.18,294
629,The Mirror Empire ,Worldbreaker Saga ,1,Kameron Hurley,100,1, 3.49,4012
629,Laira,,,Clea Saal,100,1,it was amazing 5.00,
629,The Human and the Hunted ,Rise of the Great Assembly ,1,R.A. Burg,100,1, 3.67,3
629,The Right Thing Hurts,,,Ruby Debeau,100,1, 3.50,14
629,The Toxic Children,,,Tessa Maurer,100,1,it was amazing 5.00,4
629,The Cerulean Star: LIBERTY,,,Sharon Cramer,100,1, 4.16,25
629,Salvage,,,C. Addams,100,1, 0.00,0
629,For A Brother's Honor ,The Protectorit ,3,K.L. Tharp,100,1, 4.78,36
629,Passage of Destiny,,,Deborah L. Pearson,100,1, 4.50,2
629,Illuminae ,The Illuminae Files ,1,Amie Kaufman,100,1, 4.31,86905
629,Off-Worlders,,,S.S. Delaunay,100,1,it was amazing 5.00,
629,Wide Awake Asleep,,,Louise Wise,100,1, 4.15,20
629,Leviathan's Deep,,,Jayge Carr,100,1, 3.88,48
629,Sand Runner ,Sand Runner ,1,Vera Brook,100,1, 3.94,49
629,Le Goût de l'immortalité,,,Catherine Dufour,100,1, 3.58,106
629,Caledonia ,Caledonia ,,Amy Hoff,100,1, 4.05,38
629,The Continuum ,Place in Time ,1,Wendy Nikel,100,1, 3.86,214
629,Sputnik's Children,,,Terri Favro,100,1, 3.84,141
629,Free Beast,,,Suzanne Marine,100,1,it was ok 2.00,3
629,Vicious ,Villains ,1,V.E. Schwab,100,1, 4.26,65980
629,Kingdom of Women,,,Rosalie Morales Kearns,100,1, 4.30,30
629,After Bees,,,B.C. Nyren,100,1, 4.09,67
629,Dawn Among the Stars,,,Samantha Heuwagen,100,1, 4.48,48
629,The Solterian Keeper and the Enchanted Talisman,,,R.K. Appling,100,1,it was amazing 5.00,4
629,The Rise of Saint Fox and The Independence,,,Corin Reyburn,100,1,it was amazing 5.00,3
629,Mary Brooks:  A matter of time,,,Claire Rye,100,1, 4.50,2
629,The Tristan Bay Accord ,,,Lizzie Newell,100,1,it was amazing 5.00,2
629,The Antithesis: Renovatio,,,Terra Whiteman,100,1, 4.25,52
629,The Cairo Accord ,,,Georgia  Knight,100,1, 4.42,12
629,The Prisoner ,Olrona ,,Sara Allyn,100,1, 4.10,21
629,Apocalypse Five ,,,Stacey Rourke,100,1, 4.07,70
629,Carmen Dog,,,Carol Emshwiller,100,1, 3.52,219
629,After Annihilation: Would you want to survive?,,,Gauri Mittal,100,1,really liked it 4.00,63
629,Elementals: Mystic Warriors,,,Katherine  Moore,100,1, 4.78,36
629,The Samurai's Lover ,Keepers of Xereill ,4,Alix Nichols,100,1, 4.42,53
629,Träume Digitaler Schläfer,,,Anja Kümmel,100,1,really liked it 4.00,7
629,Leaning On Water,,,Joan June Chen,100,1, 4.03,35
749,Healing in His Wings ,Healing ,,Ariel Tachna,99,1, 3.66,339
749,Astra: The Reckoning,,,Lisa Eskra,99,1, 4.29,41
749,To Indigo,,,Tanith Lee,99,1, 3.57,14
749,Savior ,,,Jess Anastasi,99,1, 4.50,2
749,Evolve,,,Barbara Rayne,99,1, 3.85,13
749,Pax in the Land of Women ,The Ginecean Chronicles ,2,Monica La Porta,99,1, 4.23,31
749,The Highest Frontier,,,Joan Slonczewski,99,1, 3.43,416
749,The Earth Boy and Mr. Brown / Robots in Love,,,C.C. Alma,99,1, 3.32,19
749,Into the Forest,,,Jean Hegland,99,1, 3.79,10039
749,Limit of Vision,,,Linda Nagata,99,1, 3.63,272
749,Silver Screen,,,Justina Robson,99,1, 3.59,251
749,The Ophelia Prophecy,,,Sharon Lynn Fisher,99,1, 3.42,306
749,A Feast of Shadows ,Cimmerian ,2,Rae Lori,99,1, 4.83,6
749,Paragon ,Legacy Code ,2,Autumn Kalquist,99,1, 3.81,542
749,Last Night in Ghosttown,,,Kathryn McKade,99,1, 4.17,6
749,Netherworld ,The Chronicles of Koa ,,K.N. Lee,99,1, 3.78,466
749,The Amazing Wolf Boy,,,Roxanne Smolen,99,1, 4.63,35
749,Changeling: Book Three of the Seeder Saga,,,Britt DeLaney,99,1, 4.18,11
749,Children Of The Mist,,,Hywela Lyn,99,1,it was amazing 5.00,14
749,Charango,,,Elizabeth C. Robinson,99,1,it was amazing 5.00,3
749,Earth Flight ,Earth Girl ,3,Janet  Edwards,99,1, 4.27,1306
749,The Fifth Sacred Thing,,,Starhawk,99,1, 4.25,5277
749,Starfighter Chapter 3 ,Starfighter ,3,Hamlet Machine,99,1, 4.24,507
749,Armstrong Dent and the Death Blow ,,,Aeyess,99,1, 4.12,8
749,Forever Between ,Between Life and Death ,2,Ann Christy,99,1, 4.44,195
749,The Return,,,Christy  Newman,99,1, 4.42,19
749,Roth ,The Invasion Trilogy ,,Jessica Frances,99,1, 4.19,42
749,Dreams of Origami,,,Elenor Gill,99,1, 3.93,28
749,Writers Workshop of Science Fiction & Fantasy,,,Michael Knost,99,1, 4.17,87
749,Selling Mars ,Veetu Industries ,2,Rae Gee,99,1, 4.09,22
749,Rosehead,,,Ksenia Anske,99,1, 4.13,365
749,Homo Ex Machina,,,Clea Saal,99,1,really liked it 4.00,
749,Ecstatic Inferno,,,Autumn Christian,99,1, 4.64,55
749,Red Queen ,Red Queen ,1,Victoria Aveyard,99,1, 4.06,445117
749,Beating Heart Cadavers,,,Laura Giebfried,99,1, 4.36,11
749,For the Honor of Black Roses ,The Protectorit ,2,K.L. Tharp,99,1, 4.41,64
749,Grasp the Stars,,,Jennifer Wingert,99,1, 3.59,81
749,Proof of Concept,,,Gwyneth Jones,99,1, 3.06,210
749,No Plain Rebel ,No Ordinary Star ,2,M.C. Frank,99,1, 4.27,129
749,When the Earth Had a Moon ,,,A.M. Cunning,99,1, 3.60,35
749,Touch,,,Claire North,99,1, 3.80,8690
749,Crypto,,,B.C. Nyren,99,1, 3.82,17
749,WYRFORRA,,,McKenna Miller,99,1, 4.55,11
749,The Fisherman and the Gene Thief,,,Lizzie Newell,99,1,it was amazing 5.00,
749,All the Birds in the Sky,,,Charlie Jane Anders,99,1, 3.58,31342
749,Larque on the Wing,,,Nancy Springer,99,1, 3.77,116
749,The Slynx,,,Tatyana Tolstaya,99,1, 3.81,3328
796,The Reavers of Skaith  ,The Book of Skaith ,3,Leigh Brackett,98,1, 3.71,237
796,Hot Cargo ,Healing ,,Nicki Bennett,98,1, 3.59,366
796,Astra: Synchronicity,,,Lisa Eskra,98,1, 3.35,162
796,Severance ,Sanctuary Series ,,Jess Anastasi,98,1,it was amazing 5.00,5
796,Starpilot's Grave ,Mageworlds ,2,Debra Doyle,98,2, 4.05,699
796,Delirium ,Debt Collector  ,,Susan Kaye Quinn,98,1, 3.88,582
796,iD ,The Machine Dynasty ,2,Madeline Ashby,98,1, 3.64,587
796,Tech-Heaven ,The Nanotech Succession ,0,Linda Nagata,98,1, 3.63,240
796,Cold Warriors,,,Clare Dargin,98,1, 3.24,46
796,An Officer's Duty ,Theirs Not to Reason Why ,2,Jean Johnson,98,2, 4.13,3100
796,Heritage Of The Star,,,Sylvia Engdahl,98,1, 4.07,296
796,Sky Woman: Book One of the Seeder Saga,,,Britt DeLaney,98,1, 3.90,30
796,Son of Avonar ,The Bridge of D'Arnath ,1,Carol Berg,98,1, 3.77,2951
796,Earth Star ,Earth Girl ,2,Janet  Edwards,98,1, 4.10,1833
796,Slated ,Slated ,1,Teri Terry,98,1, 4.07,23126
796,"Beast, Part One ",Beast ,1,Ella James,98,1, 3.65,3534
796,Shkarr,,,She S. Rutan,98,1, 4.40,15
796,Armstrong Dent and the Guerrilla Revolucion ,,,Aeyess,98,1,really liked it 4.00,11
796,Yankari: A Talking Earth Tale,,,Ann Christy,98,1, 4.66,32
796,Lost Whispers,,,Samantha D. Meshla,98,1, 4.69,16
796,Oden ,The Invasion Trilogy ,,Jessica Frances,98,1, 4.21,34
796,Miriam's Talisman,,,Elenor Gill,98,1, 3.42,59
796,The Eve of War ,Veetu Industries ,3,Rae Gee,98,1, 4.50,6
796,The Lottery and Other Stories,,,Shirley Jackson,98,1, 4.06,58014
796,Dragonsdawn ,Pern ,9,Anne McCaffrey,98,1, 4.20,32042
796,Dogsbody,,,Diana Wynne Jones,98,1, 4.08,5926
796,The Protectorit ,The Protectorit ,1,K.L. Tharp,98,1, 4.28,99
796,Heartless,,,Marissa Meyer,98,1, 4.06,67093
796,No Vain Loss ,No Ordinary Star ,3,M.C. Frank,98,1,really liked it 4.00,82
796,The Inheritance Trilogy ,,1-3.5,N.K. Jemisin,98,1, 4.21,4357
796,The Phoenix Code,,,Catherine Asaro,98,1, 3.47,340
796,Fever Rising,,,K.M. Riley,98,1,really liked it 4.00,21
796,The Fisherman and the Sperm Thief,,,Lizzie Newell,98,1, 3.67,6
796,"Love's Body, Dancing In Time",,,L. Timmel Duchamp,98,1, 3.83,35
830,The Light of the Earth As Seen from Tartarus,,,Annie Bellet,97,1, 3.88,33
830,Something About Harry ,Healing ,,Nicki Bennett,97,1, 3.45,153
830,Sanctuary ,Sanctuary Series ,1,Jess Anastasi,97,1, 4.21,14
830,When the Silence Ends,,,Jade Kerrion,97,1, 4.41,51
830,Arkfall,,,Carolyn Ives Gilman,97,1, 3.73,140
830,Stealing the Elf-King's Roses,,,Diane Duane,97,1, 3.63,475
830,Of Wind and Sand,,,Sylvie Bérard,97,1, 3.83,47
830,Megan’s Double Miracle ,Men of Space Station One ,9,Marla Monroe,97,1, 4.09,85
830,Rain In The Moonlight: Book Two of the Seeder Saga,,,Britt DeLaney,97,1, 4.27,11
830,Earth 2788 ,,0.25,Janet  Edwards,97,1, 4.16,198
830,Real ,Real ,1,Katy Evans,97,1, 4.20,95527
830,The Violet and the Tom,,,Eve Ocotillo,97,1, 3.83,2470
830,Armstrong Dent and the Death of the Sun ,,,Aeyess,97,1, 3.50,12
830,Strikers ,Strikers ,,Ann Christy,97,1, 4.01,324
830,Descent ,Forgotten Origins Trilogy ,3,Tara Ellis,97,1, 4.37,76
830,Rift in the Sky ,Stratification ,3,Julie E. Czerneda,97,1, 4.13,502
830,Looking for a Hero,,,Joy Nash,97,1,liked it 3.00,2
830,Lightless ,Lightless ,,C.A. Higgins,97,1, 3.47,2313
830,Sappho's Agency,,,Lizzie Newell,97,1, 4.25,4
830,Outbreak ,Dr. Marissa Blumenthal ,1,Robin Cook,97,1, 3.98,52658
850,The Spacer's Blade and Other Stories,,,Annie Bellet,96,1, 4.56,9
850,Points of Departure,,,Pat Murphy,96,1, 3.84,115
850,The Switch II: Clockwork,,,Valjeanne Jeffers,96,1, 4.52,21
850,By Honor Betray'd ,,,Debra Doyle,96,2, 4.09,567
850,Earthseed ,Seed ,1,Pamela Sargent,96,1, 3.56,654
850,A Legacy of Stars,,,Danielle Ackley-McPhail,96,1, 4.50,14
850,The Temple at Landfall ,Celaeno ,3,Jane Fletcher,96,1, 4.06,698
850,Deception Well ,The Nanotech Succession ,2,Linda Nagata,96,1, 3.77,327
850,Making Them Happy ,The Men of Space Station One ,8,Marla Monroe,96,1, 4.03,88
850,Night's Daughter,,,Marion Zimmer Bradley,96,1, 3.51,469
850,When The Stars Walk Backwards,,,Kristine Williams,96,1, 4.11,19
850,This Girl ,Slammed ,3,Colleen Hoover,96,1, 4.16,67221
850,Die Klangweberin,,,Sarah Ash,96,1, 3.73,44
850,Armstrong Dent and the Thousand Year Death ,,,Aeyess,96,1, 3.83,12
850,Flying Season for the Mis-Recorded ,Silo 49 ,4,Ann Christy,96,1, 4.18,366
850,Never Fade ,The Darkest Minds ,2,Alexandra Bracken,96,1, 4.29,66821
850,The Transfer ,,0.1,Veronica Roth,96,1, 4.18,49714
850,The Heart of Valor ,Confederation ,3,Tanya Huff,96,2, 4.07,4738
850,Andra,,,Louise Lawrence,96,1, 3.87,121
850,Lives of the Monster Dogs,,,Kirsten Bakis,96,1, 3.66,2221
850,Company Town,,,Madeline Ashby,96,1, 3.54,4234
850,The Marrow Thieves,,,Cherie Dimaline,96,1, 4.08,7263
850,Green Mars ,Mars Trilogy ,2,Kim Stanley Robinson,96,1, 3.93,29621
850,Behind the Throne ,The Indranan War ,,K.B. Wagers,96,1, 3.85,2506
850,Peking falten,,,Hao Jingfang,96,1, 3.76,172
875,Grandmere's Secret,,,Valjeanne Jeffers,95,1, 4.50,18
875,Grazing the Long Acre,,,Gwyneth Jones,95,1, 3.75,12
875,After the Fall,,,Robin Summers,95,1, 3.60,230
875,The Tale of the Five: The Sword and the Dragon,,,Diane Duane,95,1, 4.13,71
875,Memory,,,Linda Nagata,95,1, 3.79,381
875,Winning Colors ,The Serrano Legacy ,3,Elizabeth Moon,95,3, 3.92,2990
875,Free Amazons of Darkover ,,,Marion Zimmer Bradley,95,1, 3.95,1279
875,Two Men for Piper ,The Men of Space Station One ,7,Marla Monroe,95,1, 4.06,97
875,Contract of Betrayal ,Spectras Arise Trilogy ,2,Tammy Salyer,95,1, 3.77,90
875,The Shining Girls,,,Lauren Beukes,95,1, 3.50,35869
875,The Invisible Guardian ,Baztán ,,Dolores Redondo,95,1, 3.80,8787
875,Wait for You ,Wait for You ,1,J. Lynn,95,1, 4.18,126007
875,Starters ,Starters ,1,Lissa Price,95,1, 3.90,38859
875,Armstrong Dent and the Ring of the Lords ,,,Aeyess,95,1, 3.73,15
875,Dark Till Dawn ,Silo 49 ,3,Ann Christy,95,1, 4.18,634
875,Raging Star ,Dust Lands ,3,Moira Young,95,1, 3.80,7743
875,The Son ,,0.3,Veronica Roth,95,1, 4.09,16439
875,Quest for Earth,,,S.E. Gilchrist,95,1, 2.73,11
875,The Abyss Surrounds Us ,The Abyss Surrounds Us ,1,Emily Skrutskie,95,1, 3.96,3990
875,After the Crown ,The Indranan War ,2,K.B. Wagers,95,1, 4.06,1392
875,The Birthday of the World and Other Stories,,,Ursula K. Le Guin,95,1, 4.29,3711
875,Sweet Child of Time: Episode Seven of The Chronicles of the Harekaiian,,,Shanna Lauffey,95,1,it was amazing 5.00,
897,The Chronicles of Mavin Manyshaped ,,1-3,Sheri S. Tepper,94,1, 4.23,313
897,Wind Follower,,,Carole  McDonnell,94,1, 3.77,74
897,The Time of Legend ,Immortal ,2,Valjeanne Jeffers,94,1, 4.40,42
897,Omnitopia Dawn ,Omnitopia ,1,Diane Duane,94,1, 3.74,824
897,Elfhome ,Elfhome ,3,Wen Spencer,94,3, 4.30,2402
897,A Soldier's Duty ,Theirs Not to Reason Why ,1,Jean Johnson,94,2, 3.98,4199
897,Contract of Defiance ,Spectras Arise Trilogy ,1,Tammy Salyer,94,1, 3.83,202
897,Eon: Dragoneye Reborn ,Eon ,1,Alison Goodman,94,1, 3.98,51358
897,Walking Disaster ,Beautiful ,2,Jamie McGuire,94,1, 4.22,155732
897,Armstrong Dent and the Temple of Solomon ,,,Aeyess,94,1, 3.90,20
897,Deep Dark ,Silo 49 ,2,Ann Christy,94,1, 4.04,919
897,Rebel Heart ,Dust Lands ,2,Moira Young,94,1, 3.88,18776
897,Aspho Fields ,Gears of War ,1,Karen Traviss,94,1, 4.10,3084
897,Falling in Love with Hominids,,,Nalo Hopkinson,94,1, 3.98,745
897,The Elite ,The Selection ,2,Kiera Cass,94,1, 4.02,339859
897,The Traitor ,,0.4,Veronica Roth,94,1, 4.17,16604
897,Shades of Treason ,Anomaly ,,Sandy Williams,94,1, 3.72,661
897,Sight ,The Delta Girls ,,Juliet Madison,94,1, 3.79,92
897,The Edge of the Abyss ,The Abyss Surrounds Us ,2,Emily Skrutskie,94,1, 4.16,1446
897,The Color of Distance,,,Amy Thomson,94,1, 4.26,715
897,Passenger ,Passenger ,1,Alexandra Bracken,94,1, 3.80,32327
918,The End of the Game ,,1-3,Sheri S. Tepper,93,1, 4.29,164
918,Deep Black Beyond,,,Annie Bellet,93,1, 4.25,12
918,Being Alien ,Saga of Tom Red-Clay ,2,Rebecca Ore,93,1, 3.76,100
918,Awake ,Asleep ,2,Wendy Raven McNair,93,1, 4.54,28
918,One for Kami,,,Charlene A. Wilson,93,2, 3.97,30
918,Weatherman,,,Lois McMaster Bujold,93,3, 4.22,1305
918,Goodbye for Now,,,Laurie Frankel,93,1, 3.58,3480
918,Contract of War ,Spectras Arise Trilogy ,3,Tammy Salyer,93,1, 3.98,64
918,Entwined with You ,Crossfire ,3,Sylvia Day,93,1, 4.19,168182
918,Armstrong Dent and the Kickapoo Borderland Band ,,,Aeyess,93,1, 3.79,14
918,Going Dark ,Silo 49 ,1,Ann Christy,93,1, 3.86,2072
918,The One ,The Selection ,3,Kiera Cass,93,1, 4.20,303355
918,The Initiate ,,0.2,Veronica Roth,93,1, 4.19,22256
918,Shoggoths in Bloom and Other Stories,,,Elizabeth Bear,93,1, 4.04,406
918,The End of This Day's Business,,,Katharine Burdekin,93,1, 3.89,28
918,Mine Tomorrow,,,Jackie Braun,93,1, 3.30,20
918,Everfair,,,Nisi Shawl,93,1, 3.25,1600
918,Wayfarer ,Passenger ,2,Alexandra Bracken,93,1, 3.86,10358
918,Sweet Child of Time,,,Shanna Lauffey,93,1,really liked it 4.00,3
937,Enclave,,,Kit Reed,92,1, 2.76,201
937,Someone To Watch Over Me,,,Tricia Sullivan,92,1, 3.57,61
937,The Living Blood ,African Immortals ,2,Tananarive Due,92,1, 4.33,1933
937,The Sky Inside ,The Sky Inside ,1,Clare B. Dunkle,92,1, 3.42,1735
937,You Shouldn't Call Me Mommy,,,Susan Tsui,92,1, 3.57,37
937,Lone Wolf Rising ,The Winters Family Saga ,1,Jami Brumfield,92,1, 3.71,730
937,Reading the Bones,,,Sheila Finch,92,1, 3.39,70
937,Blueeyedboy,,,Joanne Harris,92,1, 3.26,3896
937,The Zero Stone ,The Zero Stone ,1,Andre Norton,92,1, 3.95,1182
937,Losing Hope ,Hopeless ,2,Colleen Hoover,92,1, 4.35,90640
937,Armstrong Dent and the Crime of the Century ,,,Aeyess,92,1, 3.89,18
937,CHIMERAS ,Track Presius ,,E.E. Giorgi,92,1, 4.16,150
937,Ghost Ship ,Star Trek: The Next Generation ,1,Diane Carey,92,1, 3.19,1861
937,Under Different Stars ,Kricket ,1,Amy A. Bartol,92,1, 4.21,16038
937,Octavia's Brood: Science Fiction Stories from Social Justice Movements,,,Adrienne Maree Brown,92,1, 3.94,1823
937,The Day Her Heart Stood Still,,,Susan Grant,92,1, 3.82,141
937,World After ,Penryn & the End of Days ,2,Susan Ee,92,1, 4.20,80889
937,Remember the Future,,,Shanna Lauffey,92,1,it was amazing 5.00,3
955,Hav,,,Jan Morris,91,1, 3.89,378
955,Archangel Protocol ,LINK Angel ,1,Lyda Morehouse,91,1, 3.52,431
955,Vampire Princess Rising ,The Winters Family Saga ,2,Jami Brumfield,91,1, 4.33,227
955,The Hired Hands' Dilemma ,The Men of Space Station One ,3,Marla Monroe,91,1, 3.84,134
955,The Price of the Phoenix ,Star Trek Adventures ,4,Sondra Marshak,91,1, 3.36,593
955,Armstrong Dent and the Curious Case of Benjamin's Buttons ,,,Aeyess,91,1, 3.82,17
955,Probability Sun ,Probability ,2,Nancy Kress,91,1, 3.72,664
955,Kabu Kabu,,,Nnedi Okorafor,91,1, 3.96,1035
955,Califia's Daughters,,,Leigh Richards,91,1, 3.88,711
955,The Star Queen ,,0.5,Susan Grant,91,1, 3.88,197
955,A Strange Scottish Shore ,Emmaline Truelove ,2,Juliana  Gray,91,1, 3.68,658
955,Cold Welcome ,Vatta's Peace ,1,Elizabeth Moon,91,1, 3.98,2298
955,The Queen of the Tearling ,The Queen of the Tearling ,1,Erika Johansen,91,1, 4.02,72172
955,The Wonderful Flight to the Mushroom Planet,,,Eleanor Cameron,91,1, 4.03,2168
955,Gravity Spike,,,Shanna Lauffey,91,1, 4.25,4
970,Chaos Space ,Sentients of Orion ,2,Marianne de Pierres,90,2, 3.86,149
970,A Billion Days of Earth,,,Doris Piserchia,90,1, 3.59,70
970,The Color of Bones,,,Tracy Edward Wymer,90,1, 3.46,140
970,Zero Hour,,,Jordan Castillo Price,90,1, 3.91,517
970,The Fate of the Phoenix ,Star Trek Adventures ,,Sondra Marshak,90,1, 3.30,400
970,Armstrong Dent and the Edge of Earth ,,,Aeyess,90,1, 3.45,58
970,Eden ,Eden ,1,Louise Wise,90,1, 3.57,1269
970,Prodigy ,Legend ,2,Marie Lu,90,1, 4.28,183349
970,The Champion of Barésh ,Star #4; Star World Frontier ,1,Susan Grant,90,1, 4.14,507
970,A Most Extraordinary Pursuit ,Emmaline Truelove ,1,Juliana  Gray,90,1, 3.56,894
970,Into the Fire ,Vatta's Peace ,2,Elizabeth Moon,90,1, 4.10,1345
970,Forgotten Suns,,,Judith Tarr,90,1, 3.83,283
970,The Fates Divide ,Carve the Mark ,2,Veronica Roth,90,1, 3.93,13917
970,Children of the Morning,,,Shanna Lauffey,90,1, 3.80,15
984,Human to Human ,Saga of Tom Red-Clay ,3,Rebecca Ore,89,1, 3.66,70
984,Steal Across the Sky,,,Nancy Kress,89,1, 3.44,1164
984,The Twenty ,Barronlands Trilogy ,1,Claudia Carozza,89,1, 3.79,61
984,The Girls From Alcyone ,The Girls from Alcyone ,,Cary Caffrey,89,1, 3.78,1783
984,The Ranchers Take a Wife ,The Men of Space Station One ,1,Marla Monroe,89,1, 3.63,239
984,Exiles of the Stars ,Moon Magic ,2,Andre Norton,89,1, 3.95,516
984,The Last Warrior ,Lost Colony ,,Susan Grant,89,1, 3.64,208
984,Year One ,Chronicles of The One ,1,Nora Roberts,89,1, 4.05,43096
984,Null States: Book Two of the Centenal Cycle,,,Malka Ann Older,89,1, 3.87,874
984,Beyond the Empire ,The Indranan War ,3,K.B. Wagers,89,1, 4.03,863
984,Continuum,,,Shanna Lauffey,89,1,really liked it 4.00,10
995,The Awakeners: Northshore & Southshore ,,1-2,Sheri S. Tepper,88,1, 3.81,965
995,Gaia's Toys,,,Rebecca Ore,88,1, 3.48,40
995,Code of Conduct ,Jani Kilian Chronicles ,1,Kristine Smith,88,2, 3.73,1311
995,Mindscape,,,Andrea Hairston,88,1, 3.67,123
995,The Ruby Dice ,Saga of the Skolian Empire ,12,Catherine Asaro,88,1, 4.03,750
995,The People in the Trees,,,Hanya Yanagihara,88,1, 3.68,13847
995,City of Ruins ,Diving Universe ,2,Kristine Kathryn Rusch,88,2, 3.91,569
995,Elegy for a Lost Star ,Symphony of Ages ,5,Elizabeth Haydon,88,1, 4.04,5509
995,The Star Princess ,Star ,3,Susan Grant,88,1, 3.90,861
995,Heart of Iron ,Heart of Iron ,1,Ashley Poston,88,1, 3.80,3733
995,Believing is Seeing,,,Diana Wynne Jones,88,1, 3.81,410
995,The Future Memory Man,,,Shanna Lauffey,88,1, 4.25,4
1007,Becoming Alien ,Saga of Tom Red-Clay ,1,Rebecca Ore,87,1, 3.61,190
1007,Spherical Harmonic ,Saga of the Skolian Empire ,7,Catherine Asaro,87,1, 3.85,732
1007,Disobedience Means Death ,Rymellan ,1,Sarah Ettritch,87,1, 4.07,45
1007,Sharing the Female From Earth ,Lost in Space ,1,Marla Monroe,87,1, 3.97,73
1007,Allison Hewitt Is Trapped ,Zombie ,1,Madeleine Roux,87,1, 3.76,3883
1007,Requiem for the Sun ,Symphony of Ages ,4,Elizabeth Haydon,87,1, 3.99,6472
1007,Ice,,,Anna Kavan,87,1, 3.75,2894
1007,Silver Shark ,Kinsmen ,2,Ilona Andrews,87,1, 4.27,7571
1007,The Physician's Tale ,The Plague Tales ,3,Ann  Benson,87,1, 3.95,549
1007,Proud Man,,,Katharine Burdekin,87,1, 4.03,32
1007,The Blazing World and Other Writings,,,Margaret Cavendish,87,1, 3.26,629
1007,Sureblood ,Borderlands ,3,Susan Grant,87,1, 3.63,199
1007,Honor Among Thieves ,The Honors ,1,Rachel Caine,87,1, 3.90,2794
1007,A Secret Twice Hidden,,,Shanna Lauffey,87,1, 4.67,3
1021,Kinderen van Moeder Aarde ,De Toekomsttrilogie ,1,Thea Beckman,86,1, 4.20,3073
1021,Four Ways to Forgiveness,,,Ursula K. Le Guin,86,1, 4.17,2989
1021,The Panopticon,,,Jenni Fagan,86,1, 3.64,4381
1021,How to Lose an Extraterrestrial in 10 Days ,Otherworldly Men ,3,Susan Grant,86,2, 3.88,408
1021,The Masterharper of Pern ,Pern ,15,Anne McCaffrey,86,2, 4.23,21982
1021,Destiny: Child of the Sky ,Symphony of Ages ,3,Elizabeth Haydon,86,1, 4.13,10522
1021,Silent Blade ,Kinsmen ,1,Ilona Andrews,86,1, 3.96,9937
1021,Dreamstrider,,,Lindsay  Smith,86,1, 3.46,863
1021,Artificial Condition ,The Murderbot Diaries ,2,Martha Wells,86,1, 4.28,17592
1021,Plausible Deniability,,,Shanna Lauffey,86,1, 4.43,7
1031,Tsunami,,,L. Timmel Duchamp,85,1, 3.94,31
1031,Het Helse Paradijs ,De Toekomsttrilogie ,2,Thea Beckman,85,1, 4.17,1794
1031,Summer of Love,,,Lisa Mason,85,1, 3.92,300
1031,"Everlasting: Der Mann, der aus der Zeit fiel",,,Holly-Jane Rahlens,85,1, 4.01,606
1031,Prophecy: Child of Earth ,Symphony of Ages ,2,Elizabeth Haydon,85,1, 4.12,12077
1031,Android at Arms,,,Andre Norton,85,1, 3.71,261
1031,La Ballade de Trash,,,Jeanne-A Debats,85,1, 4.10,10
1031,Shatter Me ,Shatter Me ,1,Tahereh Mafi,85,1, 3.98,246702
1031,The Star Prince ,Star ,2,Susan Grant,85,1, 3.92,748
1031,Rogue Protocol ,The Murderbot Diaries ,3,Martha Wells,85,1, 4.28,13341
1031,The Homeward Bounders,,,Diana Wynne Jones,85,1, 3.90,3890
1031,The Time Shifters Chronicles volume 1: Episodes One through Five of the Chronicles of the Harekaiian,,,Shanna Lauffey,85,1,really liked it 4.00,4
1043,Watcher's Web ,Return of the Aghyrians ,1,Patty Jansen,84,1, 3.41,693
1043,Het Gulden Vlies van Thule ,De Toekomsttrilogie ,3,Thea Beckman,84,1, 4.19,1873
1043,Haven 6 ,A New Dawn ,3,Aubrie Dionne,84,1, 4.42,45
1043,"On a Red Station, Drifting",,,Aliette de Bodard,84,1, 3.83,1078
1043,The Keeper of the Isis Light ,Isis ,1,Monica Hughes,84,1, 3.85,1141
1043,Rhapsody: Child of Blood ,Symphony of Ages ,1,Elizabeth Haydon,84,1, 3.95,18194
1043,Battlestations! ,Star Trek: Fortunes Of War ,2,Diane Carey,84,1, 3.75,1050
1043,The Huntress,,,Michelle O'Leary,84,1, 3.79,190
1043,Les Abîmes d'Autremer,,,Danielle Martinigol,84,1, 4.25,81
1043,The Star King ,Star ,1,Susan Grant,84,1, 3.74,1964
1043,Exit Strategy ,The Murderbot Diaries ,4,Martha Wells,84,1, 4.41,11739
1054,Blood in the Fruit,,,L. Timmel Duchamp,83,1, 4.17,29
1054,Day by Night,,,Tanith Lee,83,1, 3.72,180
1054,His Name In Lights,,,Patty Jansen,83,1, 3.74,35
1054,Fey Lights,,,Liana Brooks,83,1, 4.32,25
1054,Angel on the Ropes,,,Jill Shultz,83,1, 3.69,62
1054,"Ōoku: The Inner Chambers, Volume 1 ",Ōoku: The Inner Chambers / 大奥 ,1,Fumi Yoshinaga,83,1, 3.93,2308
1054,The Solar Queen ,,1-2,Andre Norton,83,1, 4.14,394
1054,L'envol de l'abîme,,,Danielle Martinigol,83,1, 4.18,49
1054,My Favorite Earthling ,Otherworldly Men ,2,Susan Grant,83,1, 3.78,366
1063,Mother Aegypt and Other Stories,,,Kage Baker,82,2, 3.97,358
1063,Phoenix Café ,White Queen ,3,Gwyneth Jones,82,1, 3.73,55
1063,This Peaceful State of War,,,Patty Jansen,82,1, 4.31,36
1063,Beneath the Starry Sky ,1Night Stand ,70,Jessica E. Subject,82,2, 3.89,95
1063,Touched by an Alien ,"Katherine ""Kitty"" Katt ",1,Gini Koch,82,1, 3.68,5053
1063,Rediscovery  ,Darkover - Chronological Order ,,Marion Zimmer Bradley,82,1, 3.83,2106
1063,L'appel des abîmes,,,Danielle Martinigol,82,1, 4.19,36
1063,Provenance,,,Ann Leckie,82,1, 3.82,10074
1071,Wrapt in Crystal,,,Sharon Shinn,81,1, 3.53,1425
1071,The Far Horizon,,,Patty Jansen,81,1, 3.93,27
1071,When You Reach Me,,,Rebecca Stead,81,1, 4.09,78096
1071,The Fulfilments of Fate and Desire ,Wraeththu ,3,Storm Constantine,81,1, 4.28,667
1071,MILA 2.0 ,MILA 2.0 ,1,Debra Driza,81,1, 3.69,11115
1071,Your Planet or Mine? ,Otherworldly Men ,1,Susan Grant,81,1, 3.54,564
1071,The Kingdom of Gods ,Inheritance ,3,N.K. Jemisin,81,1, 3.95,13617
1078,Floating Worlds,,,Cecelia Holland,80,1, 3.53,476
1078,Charlotte's Army,,,Patty Jansen,80,1, 4.04,23
1078,Nekropolis,,,Maureen F. McHugh,80,1, 3.65,485
1078,The Silicon Mage ,Windrose Chronicles ,2,Barbara Hambly,80,2, 3.95,2131
1078,Windfalls,,,Jean Hegland,80,1, 3.69,280
1078,Refugees on Urloon,,,Melisse Aires,80,1, 3.58,24
1078,Heir Apparent ,Rasmussem Corporation ,2,Vivian Vande Velde,80,1, 4.10,9399
1078,The Bewitchments of Love and Hate ,Wraeththu ,2,Storm Constantine,80,1, 4.23,749
1078,Smoketown,,,Tenea D. Johnson,80,1, 3.65,103
1078,Night Shift ,Kate Daniels #6.5; SPI Files # 0.5; Psy-Changeling #12.5; Barbarian ,1,Nalini Singh,80,1, 4.09,8262
1078,Seven Surrenders ,Terra Ignota ,2,Ada Palmer,80,1, 4.19,3136
1089,The Deep Beyond: Cuckoo's Egg / Serpent's Reach,,,C.J. Cherryh,79,1, 4.08,354
1089,Imposter ,Harmony of Worlds ,3,Valerie J. Freireich,79,1, 3.87,30
1089,Twin-Bred ,Twin-Bred ,,Karen A. Wyle,79,1, 3.65,141
1089,Luminescence,,,Patty Jansen,79,1, 4.22,9
1089,The Academie ,Academie ,1,Amy Joy,79,1, 3.59,308
1089,Unacceptable Risk,,,Jeanette Grey,79,1, 4.03,58
1089,Void ,,1-3,Rhiannon Lassiter,79,1, 4.06,452
1089,The Enchantments of Flesh and Spirit ,Wraeththu ,1,Storm Constantine,79,1, 3.88,1312
1089,Alien Species Intervention ,,1-3,J.K. Accinni,79,79, 3.84,917
1089,Lauriat: A Filipino-Chinese Speculative Fiction Anthology,,,Charles Tan,79,1, 4.12,34
1089,An Apple for the Creature,,,Charlaine Harris,79,1, 3.87,7467
1089,The Starfarers Quartet,,,Vonda N. McIntyre,79,1, 3.60,35
1089,The Warlord's Daughter ,Borderlands ,2,Susan Grant,79,1, 3.69,401
1102,Motherlines ,Holdfast Chronicles ,2,Suzy McKee Charnas,78,2, 3.59,234
1102,Becoming Human ,Harmony of Worlds ,2,Valerie J. Freireich,78,1, 4.12,114
1102,The Silent Tower ,Windrose Chronicles ,1,Barbara Hambly,78,2, 3.93,3161
1102,Machine,,,Jennifer Pelland,78,1, 3.80,151
1102,Ultraviolet ,Ultraviolet ,1,R.J. Anderson,78,1, 3.77,8896
1102,The Rapture,,,Liz Jensen,78,1, 3.31,2149
1108,Dragon's Blood ,Pit Dragon Chronicles ,1,Jane Yolen,77,1,really liked it 4.00,11443
1108,The Fantastic Pulps,,,Peter Haining,77,1, 3.97,35
1108,Magic Graves ,,0.5,Jeaniene Frost,77,1, 4.15,10665
1108,The Scarlet Empress ,2176 Series ,5,Susan Grant,77,1, 3.90,339
1108,Judge ,Wess'Har Wars ,6,Karen Traviss,77,1, 3.90,486
1113,The Resistance ,The Declaration ,2,Gemma Malley,76,1, 3.75,6703
1113,Reach ,Twin-Bred ,2,Karen A. Wyle,76,1, 4.29,21
1113,Greenshift,,,Heidi Ruby Miller,76,1, 3.71,101
1113,Ghost Ship ,Theo Waitley #3; Liaden Universe ,15,Sharon Lee,76,3, 4.25,1736
1113,Cosmos Latinos: An Anthology of Science Fiction from Latin America and Spain,,,Andrea L. Bell,76,1, 3.92,60
1113,Icarus Descending,,,Elizabeth Hand,76,1, 3.79,150
1113,Magic Dreams ,,4.5,Ilona Andrews,76,1, 4.27,14675
1113,Once a Pirate,,,Susan Grant,76,1, 3.78,540
1113,Matriarch ,Wess'Har Wars ,4,Karen Traviss,76,1, 3.89,665
1122,Enemy Within ,Enemy ,1,Marcella Burnard,75,1, 3.65,1170
1122,The Stars Blue Yonder ,The Outback Stars ,,Sandra McDonald,75,3, 3.59,138
1122,Division,,,Karen A. Wyle,75,1, 4.38,24
1122,Paradise 21 ,A New Dawn ,1,Aubrie Dionne,75,1, 3.71,235
1122,Sambaqui: A Novel of Pre-History,,,Stella Carr,75,1, 3.80,5
1122,Zoo City,,,Lauren Beukes,75,2, 3.64,9486
1122,Shiawase no Zanzou,,,Parinoush Saniee,75,1, 4.22,6338
1122,Ally ,Wess'Har Wars ,5,Karen Traviss,75,1, 3.90,559
1130,Daughter of the Bear King,,,Eleanor Arnason,74,1, 3.08,36
1130,Dante's Equation,,,Jane Jensen,74,1, 3.70,923
1130,Marked by Light ,Ambasadora ,,Heidi Ruby Miller,74,1, 3.96,195
1130,The Bar Code Tattoo ,Bar Code ,1,Suzanne Weyn,74,1, 3.55,15761
1130,Liam's Promise ,The Doomsday Kids ,,Karyn Langhorne Folan,74,1, 4.03,96
1130,In the Company of Others,,,Julie E. Czerneda,74,1, 3.97,1025
1130,A House of Secrets,,,Patti   Davis,74,1, 3.57,28
1130,Freedom's Choice ,Catteni ,2,Anne McCaffrey,74,1, 3.92,7143
1130,The World Before ,Wess'Har Wars ,3,Karen Traviss,74,1, 3.95,785
1139,Lost in the Seven Worlds,,,Petronela Ungureanu,73,1, 3.91,91
1139,The Kindly Ones,,,Melissa Scott,73,2, 3.66,185
1139,Dreamships,,,Melissa Scott,73,2, 3.66,471
1139,The Copper Crown ,The Tales of Aeron ,1,Patricia Kennealy-Morrison,73,1, 4.02,1473
1139,Lord Of Thunder ,Beast Master / Hosteen Storm ,2,Andre Norton,73,1, 3.93,604
1139,Freedom's Challenge,,,Anne McCaffrey,73,1, 3.94,6125
1139,Crossing the Line ,Wess'har Wars ,2,Karen Traviss,73,1, 4.02,928
1139,Life As We Knew It ,Last Survivors ,1,Susan Beth Pfeffer,73,1, 3.89,106628
1147,Pangaea  Book II: Imperium Afire,,,Lisa Mason,72,1, 3.82,11
1147,Rulebreaker,,,Cathy Pegau,72,1, 3.77,186
1147,The Planet Savers,,,Marion Zimmer Bradley,72,1, 3.76,1563
1147,Star Ka'at,,,Andre Norton,72,1, 3.72,338
1147,After the Snow ,After the Snow ,1,S.D. Crockett,72,2, 3.17,1671
1147,Freedom's Ransom ,Catteni ,4,Anne McCaffrey,72,1, 3.94,4526
1153,Flight in Yiktor ,Moon Magic ,3,Andre Norton,71,1, 3.80,476
1153,Angel with the Sword ,Merovingen Nights ,,C.J. Cherryh,71,2, 3.84,901
1153,Fourth World ,Missing Link ,1,Kate Thompson,71,1, 3.63,228
1153,Rock Crazy,,,Rochelle Weber,71,1, 3.32,19
1153,Terra Nova: An Anthology of Contemporary Spanish Science Fiction,,,Mariano Villarreal,71,1, 3.79,174
1158,The Jargoon Pard ,Witch World Series 2: High Hallack Cycle ,3,Andre Norton,70,1, 3.95,1044
1158,Eva Fairdeath,,,Tanith Lee,70,1, 3.38,143
1158,We Who Are About To...,,,Joanna Russ,70,2, 3.58,804
1158,Starfarers,,,Vonda N. McIntyre,70,2, 3.56,415
1158,Guardians of Paradise,,,Jaine Fenn,70,1, 3.91,99
1158,Singing the Dogstar Blues,,,Alison Goodman,70,1, 3.68,988
1158,Hotter on the Edge 2 ,Hotter on the Edge ,2,Erin Kellison,70,1, 4.23,31
1165,Echoes of Regret ,The Telomere Trilogy ,2,A.R. Norris,69,1, 3.67,3
1165,Transition,,,Vonda N. McIntyre,69,2, 3.71,249
1165,Bringer Of Light,,,Jaine Fenn,69,1, 3.99,69
1165,Nimisha's Ship,,,Anne McCaffrey,69,1, 3.92,3348
1165,The Change ,Animorphs ,13,K.A. Applegate,69,1, 3.87,3736
1170,To Save a World ,Darkover Omnibus ,7,Marion Zimmer Bradley,68,1, 3.95,297
1170,Mako's Bounty ,1Night Stand ,95,Diane Dooley,68,1,really liked it 4.00,23
1170,Reliquary ,Stargate Atlantis ,2,Martha Wells,68,1, 3.91,616
1170,Fires of Azeroth ,Morgaine & Vanye ,3,C.J. Cherryh,68,2, 4.05,1056
1170,Well of Shiuan ,Morgaine & Vanye ,2,C.J. Cherryh,68,2, 3.93,1171
1170,The Threat ,Animorphs ,21,K.A. Applegate,68,1, 3.83,2617
1170,Technogenesis,,,Syne Mitchell,68,1, 3.94,144
1177,Kicking Ashe ,Project Enterprise ,5,Pauline Baird Jones,67,1, 4.13,54
1177,Entanglement ,Stargate Atlantis ,6,Martha Wells,67,1, 3.89,417
1177,Darkover: First Contact ,Darkover Omnibus ,6,Marion Zimmer Bradley,67,2, 3.97,988
1177,Hunted ,Medusa Project ,4,Sophie McKenzie,67,1, 4.15,1408
1177,The Discovery ,Animorphs ,20,K.A. Applegate,67,1, 3.78,2879
1182,Painted Promise,,,Kim Knox,66,1, 4.13,15
1182,Metaphase,,,Vonda N. McIntyre,66,2, 3.75,207
1182,Hell's End ,Hellscape ,1,Ally Blue,66,1, 3.34,110
1182,Ark Baby,,,Liz Jensen,66,1, 3.87,267
1182,The Solution ,Animorphs ,22,K.A. Applegate,66,1, 3.92,2759
1182,Starglass ,Starglass ,1,Phoebe North,66,1, 3.62,2325
1182,Only Ever Yours,,,Louise O'Neill,66,1, 3.78,11440
1189,Survey Ship,,,Marion Zimmer Bradley,65,1, 3.53,296
1189,Line and Orbit ,Root Code ,1,Sunny Moraine,65,1, 3.85,779
1189,The Underground ,Animorphs ,17,K.A. Applegate,65,1, 3.70,2923
1189,Earth's Last Citadel,,,C.L. Moore,65,1, 3.18,119
1189,Gather the Daughters,,,Jennie Melamed,65,1, 3.63,5908
1189,A Symphony of Echoes ,The Chronicles of St Mary's ,2,Jodi Taylor,65,1, 4.14,10587
1195,Solar Storm,,,Mina Carter,64,1, 3.82,191
1195,Dr. Franklin's Island,,,Ann Halam,64,1, 3.92,2130
1195,The Warning ,Animorphs ,16,K.A. Applegate,64,1, 3.73,3099
1195,Just One Damned Thing After Another ,The Chronicles of St Mary's ,1,Jodi Taylor,64,1, 3.89,21766
1199,The Silver Spoon,,,Stacey Klemstein,63,1, 3.91,22
1199,Doc and Fluff: The Dystopian Tale of a Girl and Her Biker,,,Patrick Califia-Rice,63,1, 3.73,207
1199,Consorts of Heaven,,,Jaine Fenn,63,1, 3.86,111
1199,His Clockwork Canary ,The Glorious Victorious Darcys ,2,Beth Ciotta,63,1, 3.70,297
1199,Changing Women ,A Woman of the Iron People ,2,Eleanor Arnason,63,1, 4.04,46
1199,The Clouded Sky ,Earth & Sky ,2,Megan Crewe,63,1, 3.84,280
1199,The Decision ,Animorphs ,18,K.A. Applegate,63,1, 3.78,2874
1199,The Far Time Incident ,The Incident Series ,1,Neve Maslakovic,63,1, 3.48,655
1199,Forest of Memory,,,Mary Robinette Kowal,63,1, 3.59,1015
1199,The Invasion of the Tearling ,The Queen of the Tearling ,2,Erika Johansen,63,1, 4.12,40937
1209,7% and Rising,,,Kim Knox,62,1, 3.38,13
1209,Tortured ,,1.5,Caragh M. O'Brien,62,1, 3.83,4612
1209,Don't Feed the Fairies ,The Cytolene Chronicles ,1,Eileen Gormley,62,1, 3.70,50
1209,Shadow on the Hearth,,,Judith Merril,62,1, 3.54,48
1209,Those Who Lived ,,3.5,Megan Crewe,62,1, 3.85,112
1209,The Departure ,Animorphs ,19,K.A. Applegate,62,1, 3.85,3040
1209,Origin ,Corpus ,1,Jessica Khoury,62,1, 3.89,14144
1209,The Just City ,Thessaly ,1,Jo Walton,62,1, 3.78,5162
1217,Unmasked ,UN-Forgettable ,4,C.J. Barry,61,1, 3.86,324
1217,Earth & Sky ,Earth & Sky ,1,Megan Crewe,61,1, 3.46,823
1217,The Forgotten ,Animorphs ,11,K.A. Applegate,61,1, 3.72,3504
1217,Lightwing,,,Tara K. Harper,61,1, 3.77,175
1221,The Worlds We Make ,Fallen World ,3,Megan Crewe,60,1, 3.81,1140
1221,Elysium,,,Jennifer Marie Brissett,60,1, 3.58,701
1221,The Escape ,Animorphs ,15,K.A. Applegate,60,1, 3.78,3282
1224,Half the Day is Night,,,Maureen F. McHugh,59,2, 3.38,234
1224,Dining Out with the Ice Giants ,Dining Out Around The Solar System ,2,Clare O'Beara,59,1, 4.53,30
1224,Brave New Worlds,,,John Joseph Adams,59,1, 4.05,2358
1224,The Lives We Lost ,Fallen World ,2,Megan Crewe,59,1, 3.86,2352
1224,The Unknown ,Animorphs ,14,K.A. Applegate,59,1, 3.63,3290
1229,Star Shadows ,Oasis ,3,Colby Hodge,58,1, 3.57,76
1229,The Brede Chronicles ,The Brede Chronicles ,1,P.I. Barrington,58,1, 4.30,27
1229,Extraordinary Engines: The Definitive Steampunk Anthology,,,Nick Gevers,58,1, 3.57,734
1229,The Way We Fall ,Fallen World ,1,Megan Crewe,58,1, 3.69,7471
1229,Visser ,Animorphs Chronicles ,3,K.A. Applegate,58,1, 4.07,2279
1229,Earth Dreams,,,Janet E. Morris,58,1, 3.93,103
1235,The Body Electric,,,Beth Revis,57,1, 3.72,2018
1235,The Secret ,Animorphs ,9,K.A. Applegate,57,1, 3.69,3872
1235,Dining Out with the Gas Giants ,Dining Out Around The Solar System ,3,Clare O'Beara,57,1, 4.45,11
1238,Green Heart ,,1-2,Alice Hoffman,56,1, 3.98,1751
1238,AfroSF: Science Fiction by African Writers,,,Ivor W. Hartmann,56,1, 3.87,191
1238,As They Slip Away ,,2.5,Beth Revis,56,1, 3.80,2436
1238,The Reaction ,Animorphs ,12,K.A. Applegate,56,1, 3.72,3669
1242,Taking Liberty,,,Jodi Redford,55,1, 3.79,68
1242,Shades of Earth ,Across the Universe ,3,Beth Revis,55,1, 4.09,29481
1242,The Android ,Animorphs ,10,K.A. Applegate,55,1, 3.76,3803
1245,Star-Crossed,,,Marilynn Byerly,54,1,really liked it 4.00,7
1245,Oddily ,Oddily ,1,Linda Pohring,54,1, 3.35,631
1245,The Diploids and Other Flights of Fancy,,,Katherine Anne MacLean,54,1, 3.29,14
1245,A Million Suns ,Across the Universe ,2,Beth Revis,54,1, 4.02,50069
1245,The Predator ,Animorphs ,5,K.A. Applegate,54,1, 3.81,5021
1250,Undertow,,,Elizabeth Bear,53,1, 3.50,515
1250,Bumped ,Bumped ,1,Megan McCafferty,53,1, 3.12,12784
1250,The Capture ,Animorphs ,6,K.A. Applegate,53,1, 3.87,5449
1253,Dushau ,Dushau Trilogy ,1,Jacqueline Lichtenberg,52,1, 3.81,52
1253,Close Encounters ,Alien Affairs ,1,Katherine Allred,52,2, 3.66,1186
1253,Swans and Klons,,,Nora Olsen,52,1, 2.81,123
1253,The Stars Are Ours,,,Andre Norton,52,1, 3.90,725
1253,The Stranger ,Animorphs ,7,K.A. Applegate,52,1, 3.80,4638
1258,The Procedure,,,Margaret Belle,51,1, 3.24,629
1258,Out of Time ,Time Travelers ,2,Caroline B. Cooney,51,1, 3.88,2805
1258,The Alien ,Animorphs ,8,K.A. Applegate,51,1, 3.87,4956
1261,The Divide Book 1: Uprising,,,Kim Flowers,50,1,really liked it 4.00,16
1261,Memoirs of a Spacewoman,,,Naomi Mitchison,50,1, 3.62,223
1261,Code Orange,,,Caroline B. Cooney,50,1, 3.64,6087
1261,The Message ,Animorphs ,4,K.A. Applegate,50,1, 3.84,5910
1261,"Miles, Mutants, and Microbes ",Vorkosigan Omnibus ,5,Lois McMaster Bujold,50,1, 4.43,2669
1266,Star Crash,,,Elysa Hendricks,49,1, 3.18,65
1266,Jerlayne,,,Lynn Abbey,49,1, 3.65,220
1266,Daughter of Elysium,,,Joan Slonczewski,49,1, 3.93,304
1266,Swastika Night,,,Katharine Burdekin,49,2, 3.64,1502
1266,For All Time ,Time Travelers ,4,Caroline B. Cooney,49,1, 3.91,1645
1266,The Encounter ,Animorphs ,3,K.A. Applegate,49,1, 3.83,6244
1266,A Matter of Oaths,,,Helen S. Wright,49,1, 3.78,230
1273,Adaptation ,Adaptation ,1,Malinda Lo,48,1, 3.63,6632
1273,Prisoner of Time ,Time Travelers ,3,Caroline B. Cooney,48,1, 3.81,2244
1273,The Visitor ,Animorphs ,2,K.A. Applegate,48,1, 3.80,6997
1273,Miles Errant ,Vorkosigan Omnibus ,4,Lois McMaster Bujold,48,1, 4.44,3959
1277,Both Sides of Time ,Time Travelers ,1,Caroline B. Cooney,47,1, 3.92,3774
1277,The Invasion ,Animorphs ,1,K.A. Applegate,47,1, 3.80,12488
1277,Extra ,,,Joanna Russ,47,1, 3.81,174
1280,Apocalypse For Realz ,Apocalypse Babes ,6,Bella Street,46,1, 4.36,36
1280,Kutath ,The Faded Sun ,3,C.J. Cherryh,46,1, 4.07,1275
1280,The Eternity Cure ,Blood of Eden ,2,Julie Kagawa,46,1, 4.24,33601
1280,Labyrinth,,,Lois McMaster Bujold,46,1, 4.15,3598
1284,Bite Me ,Apocalypse Babes ,5,Bella Street,45,1, 4.18,38
1284,The Method,,,Juli Zeh,45,1, 3.56,2289
1284,'Til the World Ends ,,0.5,Julie Kagawa,45,1, 3.79,1192
1287,The X Factor ,Apocalypse Babes ,2,Bella Street,44,1, 4.12,66
1287,The Forever Song ,Blood of Eden ,3,Julie Kagawa,44,1, 4.18,17946
1287,The Crystal Ship: Three Original Novellas of Science Fiction,,,Robert Silverberg,44,1, 3.70,40
1287,Divided Allegiance ,The Deed of Paksenarrion ,2,Elizabeth Moon,44,2, 4.17,5341
1291,iRobotronic ,Apocalypse Babes ,3,Bella Street,43,1, 4.23,53
1291,The Eye of the Heron,,,Ursula K. Le Guin,43,1, 3.72,1783
1291,Dawn of Eden ,,0.5,Julie Kagawa,43,1, 3.97,876
1294,Break Out ,Dark Desires ,,Nina Croft,42,1, 3.62,866
1294,The Agent Gambit ,,9-10,Sharon Lee,42,3, 4.44,669
1294,Walking the Clouds: An Anthology of Indigenous Science Fiction,,,Grace L. Dillon,42,1, 3.73,201
1294,The Immortal Rules ,Blood of Eden ,1,Julie Kagawa,42,1, 4.09,61089
1298,Kumbaya Much ,Apocalypse Babes ,4,Bella Street,41,1, 4.30,46
1298,Barbary,,,Vonda N. McIntyre,41,1, 3.49,139
1298,"The Blaft Anthology of Tamil Pulp Fiction, Vol. I",,,Rakesh Khanna,41,1, 3.53,313
1298,Unraveled ,Crewel World ,3,Gennifer Albin,41,1, 3.55,2244
1298,Catspaw ,Cat ,2,Joan D. Vinge,41,1, 4.12,2054
1303,Revelations of Tomorrow ,The Telomere Trilogy ,1,A.R. Norris,40,1, 3.67,3
1303,Mission Child,,,Maureen F. McHugh,40,1, 3.70,456
1303,The Girl in the Road,,,Monica Byrne,40,1, 3.50,2781
1306,Born ,B Cubed ,,Jenna McCormick,39,1, 3.56,206
1306,The Department of Alterations ,,0.5,Gennifer Albin,39,1, 3.34,479
1308,Sea As Mirror,,,Tess  Williams,38,1,liked it 3.00,9
1308,The Z Word ,Apocalypse Babes ,1,Bella Street,38,1, 3.22,192
1308,The Journal Of Nicholas The American,,,Leigh Kennedy,38,1, 3.93,28
1311,Map of Power,,,Tess  Williams,37,1, 3.50,8
1311,Body Master ,The Body ,1,C.J. Barry,37,1, 3.68,148
1311,Moxyland,,,Lauren Beukes,37,1, 3.62,2900
1311,What Mario Scietto Says ,,2.5,Emmy Laybourne,37,1, 3.72,355
1311,Dreamfall ,Cat ,3,Joan D. Vinge,37,1, 3.88,1124
1316,Hunting Kat ,The Triton Experiment ,1,P.J. Schnyder,36,1, 3.58,162
1316,Jake and the Other Girl ,,1.5,Emmy Laybourne,36,1, 3.31,688
1318,Friend or Foe,,,Frances Pauli,35,1,it was amazing 5.00,3
1318,Dreamweaver's Dilemma,,,Lois McMaster Bujold,35,2, 3.79,1175
1318,Savage Drift ,Monument 14 ,3,Emmy Laybourne,35,1, 4.07,5658
1321,Gambit,,,Kim Knox,34,1, 3.21,67
1321,The Dream Years,,,Lisa Goldstein,34,1, 3.80,127
1321,Dress Your Marines in White ,,0.5,Emmy Laybourne,34,1, 3.64,836
1324,Jaq's Harp ,Future Tales ,1,Ella Drake,33,1, 3.43,67
1324,Sky on Fire ,Monument 14 ,2,Emmy Laybourne,33,1, 4.06,10103
1326,The Spiral Path,,,Lisa Paitz Spindler,32,1, 3.42,38
1326,Dogs of War,,,Sheila Keenan,32,1, 3.96,1463
1326,Monument 14 ,Monument 14 ,1,Emmy Laybourne,32,1, 3.90,20880
1326,Hidden in Sight ,, 3,Julie E. Czerneda,32,1, 4.16,619
1330,Changing Vision ,Web Shifters ,2,Julie E. Czerneda,31,1, 4.09,766
1331,Port Eternity ,Age of Exploration ,1,C.J. Cherryh,30,1, 3.52,540
1331,To Trade the Stars ,Trade Pact Universe ,3,Julie E. Czerneda,30,1, 4.02,1054
1333,Ties of Power ,Trade Pact Universe ,2,Julie E. Czerneda,29,1, 3.95,1039
1334,Space Junque ,Apocalypto ,1,L.K. Rigel,28,1, 3.18,728
1335,The Death of Sleep,,,Anne McCaffrey,26,2, 3.82,2771
1336,Breaking Chance,,,Kim Knox,25,1, 3.48,64
1336,Shon'jir ,The Faded Sun ,2,C.J. Cherryh,25,1, 4.06,1260
1336,Hardship ,Theirs Not to Reason Why ,4,Jean Johnson,25,1, 4.16,1663
1336,The Wilding ,In Conquest Born ,2,C.S. Friedman,25,1, 3.64,976
1340,Tsunami Blue ,Tsunami Blue ,1,Gayle Ann Williams,24,1, 3.77,391
1340,Hellburner ,The Company Wars ,5,C.J. Cherryh,24,1, 3.87,1303
1340,Protector ,Foreigner ,14,C.J. Cherryh,24,1, 4.30,1439
1343,Keeping It Real ,Quantum Gravity ,,Justina Robson,23,1, 3.47,2535
1343,Promise of the Flame ,The Hidden Flame ,2,Sylvia Engdahl,23,1, 4.05,55
1345,Exile's Gate ,Morgaine Saga ,,C.J. Cherryh,22,1, 4.08,1527
1346,The Long Tomorrow,,,Leigh Brackett,21,1, 3.64,1839
1347,Frozen Heart,,,Annabelle Blume,20,1, 3.97,65
1347,Kesrith ,The Faded Sun ,1,C.J. Cherryh,20,1, 3.98,2025
1347,The Diamond Deep ,Ruby's Song ,2,Brenda Cooper,20,1, 3.57,65
1350,Dark Host,,,Kim Knox,19,1, 3.73,15
1351,The Better Part of Valor ,Confederation ,2,Tanya Huff,18,1, 4.05,4692
1352,Valor's Trial ,Confederation ,4,Tanya Huff,17,1, 4.10,4342
1353,Dreams of the Queen ,The Brajj ,1,Jacqueline Patricks,16,1, 3.82,95
1353,Blind Space,,,Marie Sexton,16,1, 3.71,1826
1355,Among the Living ,PsyCop ,1,Jordan Castillo Price,15,1,really liked it 4.00,6877
1356,Queenie's Brigade,,,Heather Massey,14,1, 3.15,27
1356,Hellfire ,Theirs Not to Reason Why ,3,Jean Johnson,14,1, 4.10,2266
1358,The Twisted Tale of Stormy Gale ,Stormy Gale ,1,Christine  Bell,13,1, 3.47,386
1358,Don’t Bite the Sun ,Four-BEE ,1,Tanith Lee,13,1, 4.15,583
1360,Journey's End,,,Patricia Crossley,12,1,really liked it 4.00,4
1360,Dinosaur Planet Survivors ,Dinosaur Planet ,2,Anne McCaffrey,12,1, 3.65,2713
1360,Farseed ,Seed ,2,Pamela Sargent,12,1, 3.39,160
1360,Drinking Sapphire Wine ,Four-BEE ,2,Tanith Lee,12,1, 4.22,544
1364,Body Electric,,,Susan Squires,11,1, 3.50,149
1364,Generation Warriors ,Planet Pirates ,3,Anne McCaffrey,11,1, 3.94,3334
1366,Starjacked,,,Karin Shah,10,1, 3.66,62
1366,Alien Abduction ,Beastmen of Ator ,1,Kaitlyn O'Connor,10,1, 3.46,233
1368,Zazen,,,Vanessa Veselka,8,1, 3.59,1224
1369,When Minds Collide ,,,Marjorie F. Baldwin,7,1, 4.07,27
1370,Synthetic Dreams,,,Kim Knox,6,1, 3.79,63
1370,Lifegame,,,Alison Allen-Gray,6,1, 3.91,66
1372,Alien Seduction ,, 2,Jeanine Berry,5,1, 3.25,4
1372,Fire & Frost,,,Meljean Brook,5,1, 3.84,877
1372,The Inheritance,,,Robin Hobb,5,1, 3.96,3197
1372,Children of the Dust,,,Louise Lawrence,5,1, 3.97,1612
1376,The Sex Gates ,Sex Gates ,1,Jeanine Berry,4,1, 3.58,106
1376,Mizora: A Prophecy,,,Mary E. Bradley Lane,4,1, 2.95,88
1376,Northwest of Earth: The Complete Northwest Smith,,,C.L. Moore,4,1, 3.87,250
1379,Tiger of Talmare ,Frontiers of Love ,1,Nina Croft,3,1, 3.29,398
1379,Girl Gone Nova ,Project Enterprise ,2,Pauline Baird Jones,3,1, 4.15,171
1379,Black on Black ,Heyoka Blackeagle ,1,K.D. Wentworth,3,1, 3.53,423
1382,Blue Nebula,,,Diane Dooley,2,1, 3.85,13
1382,Stars Over Stars ,Heyoka Blackeagle ,2,K.D. Wentworth,2,1, 3.68,297
1384,Heart of Steel ,Iron Seas ,2,Meljean Brook,1,1, 3.95,5447
1384,The Imperium Game,,,K.D. Wentworth,1,1, 3.14,35
